"ID";"RegioS";"Perioden";"AfstandTotHuisartsenpraktijk_1";"Binnen5Km_4";"AfstandTotGroteSupermarkt_20";"Binnen5Km_23";"AfstandTotWarenhuis_28";"Binnen20Km_31";"AfstandTotCafeED_32";"Binnen5Km_35";"AfstandTotCafetariaED_36";"Binnen5Km_39";"AfstandTotRestaurant_40";"Binnen5Km_43";"AfstandTotOpenbaarGroenTotaal_87";"AfstandTotBos_90";"AfstandTotSemiOpenbaarGroenTotaal_94";"AfstandTotSportterrein_95";"AfstandTotOpritHoofdverkeersweg_100";"AfstandTotTreinstationsTotaal_101";"AfstandTotBelangrijkOverstapstation_102"
"926";"GM1680";"2020JJ00";"     2.4";"     2.0";"     2.1";"     2.8";"     5.2";"     7.6";"     3.3";"     1.8";"     2.4";"     3.7";"     1.0";"    10.6";"       .";"       .";"       .";"       .";"     1.6";"    12.5";"    28.6"
"942";"GM0738";"2020JJ00";"";"";"";"";"";"";"";"";"";"";"";"";"";"";"";"";"";"";""
"958";"GM0358";"2020JJ00";"     0.9";"     8.9";"     0.8";"    10.3";"     3.3";"    34.1";"     1.7";"     5.3";"     0.7";"    18.6";"     0.6";"    36.0";"       .";"       .";"       .";"       .";"     1.1";"     8.1";"     8.9"
"974";"GM0197";"2020JJ00";"     1.5";"     3.2";"     1.4";"     3.2";"     1.7";"     7.5";"     1.2";"     2.7";"     1.1";"     6.5";"     0.9";"    11.6";"       .";"       .";"       .";"       .";"     1.0";"     4.4";"    41.0"
"990";"GM0480";"2020JJ00";"";"";"";"";"";"";"";"";"";"";"";"";"";"";"";"";"";"";""
"1006";"GM0305";"2020JJ00";"";"";"";"";"";"";"";"";"";"";"";"";"";"";"";"";"";"";""
"1022";"GM0059";"2020JJ00";"     1.6";"     3.1";"     1.5";"     4.9";"     4.7";"     5.7";"     1.8";"     6.2";"     1.0";"     7.5";"     1.3";"     6.0";"       .";"       .";"       .";"       .";"     1.3";"     7.3";"    26.8"
"1038";"GM0482";"2020JJ00";"     0.8";"     6.5";"     0.6";"     7.2";"     1.3";"    32.4";"     0.8";"     7.9";"     0.5";"    17.0";"     0.6";"    17.5";"       .";"       .";"       .";"       .";"     2.3";"     8.5";"    11.2"
"1054";"GM0613";"2020JJ00";"     0.9";"    13.2";"     0.9";"    16.3";"     1.8";"    37.3";"     1.2";"    12.7";"     0.8";"    34.1";"     0.9";"    30.9";"       .";"       .";"       .";"       .";"     1.6";"     8.9";"    10.6"
"1070";"GM0483";"2020JJ00";"";"";"";"";"";"";"";"";"";"";"";"";"";"";"";"";"";"";""
"1086";"GM0361";"2020JJ00";"     1.0";"    17.6";"     0.8";"    20.6";"     2.3";"    15.9";"     1.2";"    41.9";"     0.8";"    82.4";"     0.8";"    90.8";"       .";"       .";"       .";"       .";"     1.1";"     3.0";"     3.9"
"1102";"GM0141";"2020JJ00";"     1.0";"    15.3";"     0.8";"    19.8";"     2.2";"    13.7";"     1.3";"    18.0";"     0.6";"    54.1";"     0.9";"    49.1";"       .";"       .";"       .";"       .";"     2.4";"     2.2";"     2.6"
"1118";"GM0034";"2020JJ00";"     1.0";"    11.0";"     0.8";"    19.7";"     2.7";"     8.1";"     1.7";"    17.7";"     0.7";"    59.2";"     0.8";"    66.3";"       .";"       .";"       .";"       .";"     1.5";"     2.0";"     4.6"
"1134";"GM0484";"2020JJ00";"     0.9";"     9.5";"     0.9";"    12.5";"     3.3";"    22.3";"     1.3";"    14.0";"     0.9";"    35.0";"     0.7";"    51.0";"       .";"       .";"       .";"       .";"     1.7";"     3.2";"    14.2"
"1150";"GM1723";"2020JJ00";"     1.6";"     1.5";"     1.5";"     1.8";"     7.1";"    14.6";"     1.0";"     3.2";"     1.3";"     5.0";"     0.9";"     9.1";"       .";"       .";"       .";"       .";"     1.1";"    12.6";"    12.9"
"1166";"GM1959";"2020JJ00";"     1.0";"     2.3";"     1.0";"     3.1";"     5.2";"     7.8";"     1.6";"     3.5";"     1.2";"     5.9";"     1.3";"     6.0";"       .";"       .";"       .";"       .";"     2.0";"    12.9";"    25.8"
"1182";"GM1679";"2020JJ00";"";"";"";"";"";"";"";"";"";"";"";"";"";"";"";"";"";"";""
"1198";"GM0060";"2020JJ00";"     2.2";"     1.0";"     0.4";"     3.1";"    29.0";"     0.0";"     4.6";"     1.6";"     0.4";"     7.7";"     0.3";"    18.4";"       .";"       .";"       .";"       .";"    19.1";"    39.6";"    45.2"
"1214";"GM0307";"2020JJ00";"     0.8";"    15.6";"     0.7";"    29.7";"     1.8";"    24.0";"     1.1";"    36.5";"     0.6";"    83.8";"     0.5";"   116.9";"       .";"       .";"       .";"       .";"     1.6";"     2.6";"     4.5"
"1230";"GM0362";"2020JJ00";"     0.8";"    20.9";"     0.7";"    29.4";"     2.8";"    39.1";"     1.4";"    14.8";"     0.7";"    75.3";"     0.5";"   146.1";"       .";"       .";"       .";"       .";"     1.4";"     6.4";"     6.4"
"1246";"GM0363";"2020JJ00";"     0.5";"    76.5";"     0.5";"    91.9";"     1.6";"    41.5";"     0.7";"   381.1";"     0.4";"   552.8";"     0.3";"  1027.2";"       .";"       .";"       .";"       .";"     2.0";"     2.5";"     4.3"
"1262";"GM0364";"2020JJ00";"";"";"";"";"";"";"";"";"";"";"";"";"";"";"";"";"";"";""
"1278";"GM0366";"2020JJ00";"";"";"";"";"";"";"";"";"";"";"";"";"";"";"";"";"";"";""
"1294";"GM0200";"2020JJ00";"     0.9";"    18.2";"     0.8";"    28.3";"     2.3";"    10.3";"     1.4";"    45.0";"     0.7";"    78.1";"     0.7";"    94.7";"       .";"       .";"       .";"       .";"     2.2";"     3.2";"     4.0"
"1310";"GM0003";"2020JJ00";"     1.4";"     2.4";"     0.9";"     6.0";"     1.1";"     3.9";"     1.0";"     8.3";"     0.7";"    12.7";"     0.9";"    14.6";"       .";"       .";"       .";"       .";"     1.0";"     1.5";"    25.5"
"1326";"GM0885";"2020JJ00";"";"";"";"";"";"";"";"";"";"";"";"";"";"";"";"";"";"";""
"1342";"GM0202";"2020JJ00";"     0.9";"    14.6";"     0.7";"    35.0";"     1.9";"    19.9";"     1.1";"    76.8";"     0.6";"   113.7";"     0.7";"   143.9";"       .";"       .";"       .";"       .";"     1.8";"     2.1";"     4.2"
"1358";"GM0106";"2020JJ00";"     1.2";"     8.5";"     0.9";"    16.1";"     2.3";"     6.5";"     1.5";"    17.7";"     0.9";"    33.7";"     1.0";"    63.5";"       .";"       .";"       .";"       .";"     2.5";"     3.2";"    26.7"
"1374";"GM0743";"2020JJ00";"     1.3";"     4.3";"     1.1";"     7.5";"     1.7";"    11.7";"     0.9";"    12.3";"     0.9";"    14.6";"     0.8";"    20.0";"       .";"       .";"       .";"       .";"     1.9";"     8.3";"    22.9"
"1390";"GM0744";"2020JJ00";"     2.3";"     1.0";"     2.2";"     2.6";"     2.5";"     7.2";"     1.2";"     3.3";"     2.1";"     9.0";"     1.2";"     9.3";"       .";"       .";"       .";"       .";"     2.3";"    19.0";"    19.4"
"1406";"GM0308";"2020JJ00";"     0.9";"    11.1";"     0.6";"    12.7";"     1.3";"    24.5";"     1.2";"    11.6";"     0.7";"    28.5";"     0.6";"    50.8";"       .";"       .";"       .";"       .";"     1.3";"     1.5";"     8.5"
"1422";"GM0489";"2020JJ00";"     1.3";"    22.6";"     1.3";"    16.8";"     1.9";"    42.3";"     1.7";"    11.7";"     1.0";"    48.7";"     1.1";"    46.6";"       .";"       .";"       .";"       .";"     2.3";"     3.2";"    10.8"
"1438";"GM0203";"2020JJ00";"     1.3";"     4.0";"     1.1";"     8.2";"     2.7";"    17.4";"     1.8";"     4.4";"     1.2";"    16.0";"     1.6";"    17.5";"       .";"       .";"       .";"       .";"     1.4";"     3.3";"    18.5"
"1454";"GM0005";"2020JJ00";"";"";"";"";"";"";"";"";"";"";"";"";"";"";"";"";"";"";""
"1470";"GM0888";"2020JJ00";"     1.0";"    12.7";"     1.0";"    13.8";"     2.3";"    20.1";"     0.5";"    44.7";"     0.6";"    52.7";"     0.6";"    51.8";"       .";"       .";"       .";"       .";"     1.6";"     1.9";"     8.5"
"1486";"GM1954";"2020JJ00";"     0.9";"     8.7";"     1.1";"    11.2";"     4.1";"    17.7";"     0.7";"    27.5";"     0.7";"    39.7";"     0.7";"    37.7";"       .";"       .";"       .";"       .";"     1.3";"     3.9";"     8.9"
"1502";"GM0370";"2020JJ00";"     1.5";"     7.0";"     1.6";"     7.4";"     5.1";"    17.8";"     1.2";"    11.7";"     1.4";"    19.0";"     1.1";"    27.1";"       .";"       .";"       .";"       .";"     1.4";"     6.3";"    16.9"
"1518";"GM0889";"2020JJ00";"     1.0";"     3.7";"     0.7";"     6.6";"     1.5";"     8.0";"     0.7";"    10.7";"     0.6";"    15.4";"     0.8";"    14.6";"       .";"       .";"       .";"       .";"     2.6";"     1.4";"    11.6"
"1534";"GM0007";"2020JJ00";"";"";"";"";"";"";"";"";"";"";"";"";"";"";"";"";"";"";""
"1550";"GM0372";"2020JJ00";"";"";"";"";"";"";"";"";"";"";"";"";"";"";"";"";"";"";""
"1566";"GM1945";"2020JJ00";"     1.0";"     5.4";"     0.9";"     7.7";"     5.6";"    11.1";"     1.4";"    18.3";"     0.9";"    24.0";"     1.0";"    33.8";"       .";"       .";"       .";"       .";"     1.1";"     7.4";"    10.2"
"1582";"GM0491";"2020JJ00";"";"";"";"";"";"";"";"";"";"";"";"";"";"";"";"";"";"";""
"1598";"GM1724";"2020JJ00";"     1.2";"     4.2";"     1.3";"     4.5";"     2.8";"    12.8";"     0.8";"     8.1";"     1.0";"    11.3";"     0.8";"    11.7";"       .";"       .";"       .";"       .";"     3.3";"    19.1";"    19.4"
"1614";"GM0893";"2020JJ00";"     2.2";"     1.4";"     2.4";"     2.7";"     4.5";"     4.7";"     1.4";"     3.4";"     1.1";"     5.3";"     0.7";"     9.4";"       .";"       .";"       .";"       .";"     1.6";"     8.1";"    28.7"
"1630";"GM0373";"2020JJ00";"     1.3";"     3.9";"     0.9";"     7.4";"     3.9";"    11.8";"     1.1";"     8.8";"     0.7";"    23.7";"     0.7";"    34.3";"       .";"       .";"       .";"       .";"     1.5";"     6.4";"     7.6"
"1646";"GM0748";"2020JJ00";"     0.9";"    10.7";"     0.8";"    16.2";"     2.0";"     5.0";"     1.0";"    47.6";"     0.6";"    49.5";"     0.8";"    53.0";"       .";"       .";"       .";"       .";"     1.9";"     2.7";"    14.7"
"1662";"GM0492";"2020JJ00";"";"";"";"";"";"";"";"";"";"";"";"";"";"";"";"";"";"";""
"1678";"GM0493";"2020JJ00";"";"";"";"";"";"";"";"";"";"";"";"";"";"";"";"";"";"";""
"1694";"GM1859";"2020JJ00";"     1.6";"     2.4";"     1.5";"     3.5";"     2.8";"    11.4";"     2.2";"     3.6";"     1.3";"     6.5";"     1.1";"     8.3";"       .";"       .";"       .";"       .";"     1.3";"     9.4";"    23.3"
"1710";"GM1721";"2020JJ00";"     1.3";"     6.3";"     1.0";"     8.1";"     3.7";"    16.3";"     0.8";"    12.3";"     0.7";"    19.8";"     1.0";"    24.5";"       .";"       .";"       .";"       .";"     2.2";"     8.0";"    18.4"
"1726";"GM0568";"2020JJ00";"";"";"";"";"";"";"";"";"";"";"";"";"";"";"";"";"";"";""
"1742";"GM0753";"2020JJ00";"     0.9";"    10.7";"     0.7";"     9.5";"     1.7";"    23.0";"     1.1";"     9.8";"     0.6";"    15.9";"     0.8";"    23.1";"       .";"       .";"       .";"       .";"     1.6";"     1.5";"    11.2"
"1758";"GM0209";"2020JJ00";"     0.9";"     8.1";"     1.0";"     8.1";"     2.2";"    14.4";"     1.2";"    13.1";"     0.9";"    29.6";"     0.8";"    29.3";"       .";"       .";"       .";"       .";"     2.6";"     6.8";"     8.0"
"1774";"GM0375";"2020JJ00";"     0.7";"    20.1";"     0.6";"    22.8";"     1.8";"    21.9";"     0.6";"    35.8";"     0.5";"    58.8";"     0.5";"    66.7";"       .";"       .";"       .";"       .";"     1.6";"     1.8";"    13.0"
"1790";"GM0063";"2020JJ00";"";"";"";"";"";"";"";"";"";"";"";"";"";"";"";"";"";"";""
"1806";"GM0310";"2020JJ00";"     1.0";"    11.5";"     0.9";"    15.3";"     2.2";"    35.4";"     1.7";"    14.3";"     1.0";"    35.7";"     0.7";"    68.7";"       .";"       .";"       .";"       .";"     1.6";"     2.5";"     8.2"
"1822";"GM0585";"2020JJ00";"";"";"";"";"";"";"";"";"";"";"";"";"";"";"";"";"";"";""
"1838";"GM1728";"2020JJ00";"     1.3";"     6.7";"     1.5";"     6.0";"     2.4";"    10.9";"     0.7";"    14.1";"     0.7";"    18.2";"     0.9";"    19.3";"       .";"       .";"       .";"       .";"     1.5";"    20.4";"    21.7"
"1854";"GM0376";"2020JJ00";"     1.0";"    12.5";"     0.8";"    15.5";"     3.1";"    18.3";"     2.0";"     3.4";"     0.8";"    30.9";"     0.6";"    55.0";"       .";"       .";"       .";"       .";"     1.4";"     8.0";"     9.3"
"1870";"GM0495";"2020JJ00";"";"";"";"";"";"";"";"";"";"";"";"";"";"";"";"";"";"";""
"1886";"GM0377";"2020JJ00";"     0.9";"    24.1";"     0.7";"    28.3";"     2.5";"    25.5";"     1.3";"    58.2";"     0.7";"   107.7";"     0.7";"   163.7";"       .";"       .";"       .";"       .";"     1.2";"     1.8";"     5.2"
"1902";"GM0055";"2020JJ00";"";"";"";"";"";"";"";"";"";"";"";"";"";"";"";"";"";"";""
"1918";"GM0497";"2020JJ00";"";"";"";"";"";"";"";"";"";"";"";"";"";"";"";"";"";"";""
"1934";"GM1901";"2020JJ00";"     1.1";"     6.6";"     0.8";"     6.8";"     3.0";"    14.1";"     1.1";"     7.3";"     1.0";"    21.5";"     1.1";"    23.9";"       .";"       .";"       .";"       .";"     1.3";"     3.0";"     8.5"
"1950";"GM0755";"2020JJ00";"     1.7";"     2.2";"     1.7";"     3.3";"     1.8";"    10.6";"     1.4";"     7.3";"     0.9";"     9.5";"     0.9";"     7.9";"       .";"       .";"       .";"       .";"     1.3";"    17.7";"    27.8"
"1966";"GM0009";"2020JJ00";"";"";"";"";"";"";"";"";"";"";"";"";"";"";"";"";"";"";""
"1982";"GM0064";"2020JJ00";"";"";"";"";"";"";"";"";"";"";"";"";"";"";"";"";"";"";""
"1998";"GM1681";"2020JJ00";"     1.9";"     2.3";"     1.9";"     3.0";"     4.2";"     6.8";"     4.2";"     2.0";"     1.8";"     6.5";"     1.1";"     9.8";"       .";"       .";"       .";"       .";"     2.0";"    15.4";"    44.2"
"2014";"GM0147";"2020JJ00";"     1.1";"     5.4";"     1.0";"     9.9";"     1.5";"    18.4";"     1.2";"    13.7";"     0.6";"    32.7";"     0.8";"    32.6";"       .";"       .";"       .";"       .";"     1.0";"     1.5";"     5.9"
"2030";"GM0654";"2020JJ00";"     1.6";"     1.7";"     1.3";"     1.8";"    10.6";"     2.3";"     1.4";"     1.9";"     1.4";"     3.0";"     1.9";"     4.0";"       .";"       .";"       .";"       .";"     1.6";"     8.9";"    56.1"
"2046";"GM0499";"2020JJ00";"";"";"";"";"";"";"";"";"";"";"";"";"";"";"";"";"";"";""
"2062";"GM0756";"2020JJ00";"     1.3";"     4.0";"     1.2";"     4.8";"     3.1";"     7.8";"     1.6";"     4.9";"     0.8";"    12.4";"     0.9";"    15.5";"       .";"       .";"       .";"       .";"     2.3";"     2.8";"    26.7"
"2078";"GM0757";"2020JJ00";"     1.0";"     5.5";"     0.9";"     9.1";"     1.9";"    22.7";"     1.0";"    18.7";"     0.8";"    22.8";"     0.9";"    28.1";"       .";"       .";"       .";"       .";"     1.7";"     2.3";"    13.0"
"2094";"GM0758";"2020JJ00";"     0.7";"    20.4";"     0.7";"    30.2";"     1.6";"    16.4";"     0.8";"    97.3";"     0.6";"   147.8";"     0.6";"   140.5";"       .";"       .";"       .";"       .";"     2.5";"     3.0";"     3.7"
"2110";"GM0311";"2020JJ00";"";"";"";"";"";"";"";"";"";"";"";"";"";"";"";"";"";"";""
"2126";"GM0501";"2020JJ00";"     1.6";"     2.4";"     1.0";"     4.6";"     2.0";"    11.2";"     1.3";"     7.8";"     0.7";"    12.2";"     1.0";"    19.2";"       .";"       .";"       .";"       .";"     0.9";"    22.7";"    26.8"
"2142";"GM1876";"2020JJ00";"     1.8";"     2.0";"     1.7";"     3.3";"     3.1";"    16.0";"     2.8";"     2.1";"     1.3";"     5.9";"     1.3";"     8.1";"       .";"       .";"       .";"       .";"     1.1";"     6.2";"    16.7"
"2158";"GM0213";"2020JJ00";"     1.1";"     3.5";"     1.1";"     3.7";"     3.7";"    14.2";"     4.3";"     1.0";"     0.9";"     8.9";"     0.9";"    10.0";"       .";"       .";"       .";"       .";"     1.2";"     4.5";"     9.4"
"2174";"GM0899";"2020JJ00";"     1.0";"    14.6";"     0.6";"    21.4";"     1.4";"    14.8";"     0.5";"    47.0";"     0.4";"    77.7";"     0.5";"    46.5";"       .";"       .";"       .";"       .";"     1.0";"     6.2";"     7.3"
"2190";"GM0312";"2020JJ00";"     0.8";"     7.6";"     0.7";"     7.8";"     2.7";"    29.5";"     0.6";"    10.3";"     0.7";"    20.7";"     1.1";"    31.9";"       .";"       .";"       .";"       .";"     0.8";"     3.3";"     9.7"
"2206";"GM0313";"2020JJ00";"     1.3";"     2.3";"     0.9";"     6.0";"     1.6";"    20.0";"     1.1";"     5.9";"     1.0";"     8.9";"     0.8";"    20.1";"       .";"       .";"       .";"       .";"     1.8";"     9.2";"    12.1"
"2222";"GM0214";"2020JJ00";"     1.8";"     2.1";"     1.6";"     2.8";"     4.9";"    12.8";"     1.6";"     3.5";"     1.0";"     8.4";"     1.2";"     6.8";"       .";"       .";"       .";"       .";"     1.3";"     7.1";"    29.2"
"2238";"GM0381";"2020JJ00";"";"";"";"";"";"";"";"";"";"";"";"";"";"";"";"";"";"";""
"2254";"GM0502";"2020JJ00";"     0.7";"    20.8";"     0.7";"    28.5";"     2.1";"    40.8";"     1.6";"    15.0";"     0.7";"    62.7";"     0.7";"    70.6";"       .";"       .";"       .";"       .";"     2.1";"     3.4";"     9.4"
"2270";"GM0383";"2020JJ00";"     0.7";"     7.1";"     0.8";"     8.1";"     2.2";"    19.7";"     1.1";"    12.3";"     0.7";"    18.4";"     0.7";"    35.6";"       .";"       .";"       .";"       .";"     1.5";"     2.8";"    11.1"
"2286";"GM0109";"2020JJ00";"     2.0";"     1.2";"     1.6";"     4.4";"     5.8";"     5.5";"     3.0";"     3.3";"     1.3";"     8.1";"     1.4";"    10.2";"       .";"       .";"       .";"       .";"     1.3";"     5.3";"    46.8"
"2302";"GM1706";"2020JJ00";"     1.4";"     2.9";"     1.2";"     3.0";"     3.1";"     8.8";"     0.9";"     8.9";"     0.8";"    10.9";"     0.7";"    12.3";"       .";"       .";"       .";"       .";"     3.9";"     5.8";"    22.5"
"2318";"GM0611";"2020JJ00";"";"";"";"";"";"";"";"";"";"";"";"";"";"";"";"";"";"";""
"2334";"GM1684";"2020JJ00";"     1.3";"     3.5";"     1.0";"     7.1";"     2.4";"    12.2";"     0.9";"    14.2";"     0.6";"    21.0";"     1.1";"    21.7";"       .";"       .";"       .";"       .";"     1.9";"     2.3";"    16.5"
"2350";"GM0216";"2020JJ00";"     0.9";"     5.3";"     0.7";"     7.4";"     1.8";"    11.8";"     1.2";"     8.3";"     0.6";"    21.1";"     0.7";"    20.6";"       .";"       .";"       .";"       .";"     1.7";"     1.7";"    22.5"
"2366";"GM0148";"2020JJ00";"     2.1";"     0.9";"     1.6";"     3.0";"     1.9";"    13.9";"     4.4";"     0.9";"     1.8";"     2.5";"     1.1";"     8.1";"       .";"       .";"       .";"       .";"     1.2";"     6.5";"    16.0"
"2382";"GM0065";"2020JJ00";"";"";"";"";"";"";"";"";"";"";"";"";"";"";"";"";"";"";""
"2398";"GM1891";"2020JJ00";"     1.1";"     3.5";"     1.4";"     4.4";"     6.8";"     5.3";"     1.1";"     4.6";"     1.2";"     6.1";"     1.3";"     4.3";"       .";"       .";"       .";"       .";"     2.4";"     4.6";"    20.0"
"2414";"GM0503";"2020JJ00";"     0.6";"    24.2";"     0.5";"    30.8";"     1.6";"    57.8";"     0.8";"    50.6";"     0.4";"   128.9";"     0.4";"   177.9";"       .";"       .";"       .";"       .";"     1.3";"     1.7";"     9.3"
"2430";"GM0010";"2020JJ00";"     1.4";"     2.4";"     1.3";"     5.7";"     4.0";"     3.3";"     1.4";"     9.5";"     1.3";"    10.9";"     1.4";"    16.5";"       .";"       .";"       .";"       .";"     1.2";"     3.8";"    30.2"
"2446";"GM0762";"2020JJ00";"     1.3";"     6.9";"     1.1";"     7.0";"     2.9";"    10.7";"     0.9";"    13.7";"     0.7";"    19.4";"     1.2";"    18.7";"       .";"       .";"       .";"       .";"     2.0";"     3.2";"    24.2"
"2462";"GM0150";"2020JJ00";"     1.0";"    13.1";"     0.8";"    18.0";"     2.3";"    12.6";"     1.8";"    23.7";"     0.6";"    65.0";"     0.7";"    65.3";"       .";"       .";"       .";"       .";"     1.6";"     2.2";"     3.6"
"2478";"GM0384";"2020JJ00";"     0.8";"    39.8";"     0.7";"    32.0";"     1.5";"    36.2";"     1.0";"    39.7";"     0.6";"   129.4";"     0.8";"   171.9";"       .";"       .";"       .";"       .";"     1.2";"     1.0";"     7.8"
"2494";"GM1774";"2020JJ00";"     2.0";"     2.4";"     1.9";"     3.6";"     4.7";"     8.7";"     4.0";"     2.3";"     1.5";"     5.9";"     0.9";"    16.5";"       .";"       .";"       .";"       .";"     1.1";"    10.1";"    17.6"
"2510";"GM0504";"2020JJ00";"";"";"";"";"";"";"";"";"";"";"";"";"";"";"";"";"";"";""
"2526";"GM0221";"2020JJ00";"     1.0";"     2.5";"     0.6";"     4.0";"     1.3";"    19.7";"     1.1";"     5.7";"     0.5";"    12.0";"     1.2";"    13.1";"       .";"       .";"       .";"       .";"     1.0";"     6.1";"    18.9"
"2542";"GM0222";"2020JJ00";"     1.1";"     9.1";"     0.8";"    12.3";"     2.6";"    15.5";"     1.7";"    19.0";"     0.8";"    38.4";"     0.9";"    36.4";"       .";"       .";"       .";"       .";"     1.6";"     1.8";"    25.1"
"2558";"GM0766";"2020JJ00";"     1.5";"     3.2";"     0.8";"     7.9";"     1.6";"    21.4";"     0.9";"    11.1";"     0.6";"    13.2";"     0.8";"    15.2";"       .";"       .";"       .";"       .";"     2.1";"     7.8";"    13.9"
"2574";"GM0058";"2020JJ00";"";"";"";"";"";"";"";"";"";"";"";"";"";"";"";"";"";"";""
"2590";"GM0505";"2020JJ00";"     0.9";"    20.0";"     0.7";"    26.5";"     1.7";"    15.8";"     1.9";"    30.0";"     0.6";"    92.7";"     0.6";"    86.4";"       .";"       .";"       .";"       .";"     1.5";"     1.6";"     3.1"
"2606";"GM0498";"2020JJ00";"     1.6";"     4.3";"     1.6";"     5.6";"     3.5";"     7.4";"     1.5";"     4.0";"     1.5";"     6.2";"     1.1";"     8.6";"       .";"       .";"       .";"       .";"     1.6";"     3.4";"    10.7"
"2622";"GM1719";"2020JJ00";"     1.2";"     2.3";"     0.7";"     5.2";"     3.7";"    13.4";"     0.6";"    11.0";"     1.1";"     7.5";"     0.7";"    10.0";"       .";"       .";"       .";"       .";"     2.0";"     9.3";"    11.1"
"2638";"GM0303";"2020JJ00";"     1.6";"     2.2";"     1.5";"     4.4";"     4.8";"     3.8";"     3.1";"     2.7";"     1.4";"     8.7";"     1.3";"    10.0";"       .";"       .";"       .";"       .";"     1.4";"     5.1";"    31.6"
"2654";"GM0225";"2020JJ00";"     1.3";"     3.3";"     0.8";"     6.6";"     2.2";"     9.8";"     1.1";"     5.9";"     0.6";"    16.6";"     1.3";"    11.1";"       .";"       .";"       .";"       .";"     2.3";"    14.3";"    18.9"
"2670";"GM0226";"2020JJ00";"     1.1";"     6.1";"     1.1";"     9.7";"     1.8";"    17.1";"     1.2";"    10.5";"     1.0";"    18.0";"     0.9";"    24.6";"       .";"       .";"       .";"       .";"     2.1";"     1.6";"    10.6"
"2686";"GM1711";"2020JJ00";"     1.2";"     6.0";"     1.0";"     6.1";"     3.8";"     8.1";"     0.7";"    17.7";"     0.8";"    25.4";"     1.2";"    17.3";"       .";"       .";"       .";"       .";"     0.9";"     2.4";"    10.9"
"2702";"GM0385";"2020JJ00";"     1.2";"     4.0";"     0.9";"     6.2";"     2.9";"     6.3";"     1.3";"    11.6";"     1.0";"    16.9";"     1.1";"    27.9";"       .";"       .";"       .";"       .";"     1.4";"     9.5";"    18.5"
"2718";"GM0228";"2020JJ00";"     1.1";"     8.6";"     1.0";"    16.2";"     2.7";"    15.2";"     1.2";"    21.4";"     1.0";"    42.5";"     1.1";"    46.0";"       .";"       .";"       .";"       .";"     1.5";"     3.0";"    19.9"
"2734";"GM0317";"2020JJ00";"     1.1";"     8.2";"     1.0";"     6.4";"     1.1";"    20.7";"     1.2";"     4.4";"     1.0";"    12.7";"     0.8";"    33.4";"       .";"       .";"       .";"       .";"     1.1";"     6.9";"     8.0"
"2750";"GM1979";"2020JJ00";"";"";"";"";"";"";"";"";"";"";"";"";"";"";"";"";"";"";""
"2766";"GM1651";"2020JJ00";"";"";"";"";"";"";"";"";"";"";"";"";"";"";"";"";"";"";""
"2782";"GM0770";"2020JJ00";"     1.5";"     3.2";"     1.5";"     4.2";"     3.3";"    16.9";"     1.0";"     4.6";"     1.0";"    13.2";"     0.8";"    15.6";"       .";"       .";"       .";"       .";"     2.9";"    15.2";"    15.9"
"2798";"GM0905";"2020JJ00";"";"";"";"";"";"";"";"";"";"";"";"";"";"";"";"";"";"";""
"2814";"GM1903";"2020JJ00";"     1.0";"     5.1";"     1.2";"     5.0";"     6.4";"    12.0";"     0.7";"    16.3";"     0.8";"    13.5";"     0.7";"    23.0";"       .";"       .";"       .";"       .";"     1.4";"     4.1";"     8.5"
"2830";"GM0772";"2020JJ00";"     0.8";"    27.4";"     0.6";"    49.5";"     1.9";"    24.7";"     0.9";"   105.5";"     0.5";"   205.0";"     0.6";"   206.8";"       .";"       .";"       .";"       .";"     2.5";"     3.2";"     3.8"
"2846";"GM0230";"2020JJ00";"     1.1";"     3.7";"     0.9";"     6.2";"     3.3";"     9.7";"     1.1";"     5.6";"     0.8";"    10.0";"     1.1";"    16.9";"       .";"       .";"       .";"       .";"     0.8";"     4.6";"    20.6"
"2862";"GM0114";"2020JJ00";"     1.3";"     4.5";"     1.1";"     9.0";"     3.6";"     6.8";"     1.9";"     9.6";"     0.9";"    23.3";"     1.1";"    26.5";"       .";"       .";"       .";"       .";"     2.1";"     5.6";"    58.3"
"2878";"GM0388";"2020JJ00";"     0.8";"     5.7";"     0.7";"     8.5";"     1.7";"     5.9";"     1.4";"    16.5";"     0.6";"    23.4";"     0.8";"    31.7";"       .";"       .";"       .";"       .";"     1.2";"     2.0";"    19.5"
"2894";"GM0153";"2020JJ00";"     0.8";"    22.7";"     0.7";"    31.3";"     1.9";"    12.8";"     1.1";"    48.9";"     0.7";"    98.2";"     0.6";"   111.3";"       .";"       .";"       .";"       .";"     2.0";"     2.7";"     3.3"
"2910";"GM0232";"2020JJ00";"     1.2";"     5.0";"     1.2";"     6.1";"     1.8";"    12.5";"     1.7";"     2.8";"     1.1";"    10.2";"     0.9";"    20.4";"       .";"       .";"       .";"       .";"     2.3";"    10.2";"    14.1"
"2926";"GM0233";"2020JJ00";"     1.6";"     9.0";"     1.0";"    12.8";"     1.8";"    10.3";"     1.7";"     9.9";"     1.0";"    21.4";"     0.9";"    30.3";"       .";"       .";"       .";"       .";"     1.5";"     1.9";"    26.6"
"2942";"GM0777";"2020JJ00";"     1.0";"     5.8";"     0.8";"     9.0";"     2.2";"    13.3";"     1.1";"     9.5";"     0.7";"    34.8";"     0.8";"    33.5";"       .";"       .";"       .";"       .";"     1.7";"     2.0";"    10.8"
"2958";"GM1722";"2020JJ00";"";"";"";"";"";"";"";"";"";"";"";"";"";"";"";"";"";"";""
"2974";"GM0070";"2020JJ00";"";"";"";"";"";"";"";"";"";"";"";"";"";"";"";"";"";"";""
"2990";"GM1921";"2020JJ00";"";"";"";"";"";"";"";"";"";"";"";"";"";"";"";"";"";"";""
"3006";"GM1940";"2020JJ00";"     1.9";"     1.8";"     1.4";"     4.4";"     3.7";"     4.3";"     2.1";"     4.4";"     1.4";"     7.2";"     1.1";"    12.0";"       .";"       .";"       .";"       .";"     1.8";"    13.9";"    39.4"
"3022";"GM0653";"2020JJ00";"";"";"";"";"";"";"";"";"";"";"";"";"";"";"";"";"";"";""
"3038";"GM0779";"2020JJ00";"     1.5";"     2.2";"     0.9";"     5.5";"     1.6";"    14.9";"     0.7";"    14.4";"     0.5";"    15.7";"     0.8";"    12.4";"       .";"       .";"       .";"       .";"     2.0";"    16.0";"    16.8"
"3054";"GM0236";"2020JJ00";"";"";"";"";"";"";"";"";"";"";"";"";"";"";"";"";"";"";""
"3070";"GM1771";"2020JJ00";"     1.0";"     6.6";"     0.8";"    13.3";"     1.4";"    23.3";"     0.7";"    21.7";"     0.6";"    37.3";"     0.8";"    32.4";"       .";"       .";"       .";"       .";"     3.1";"     2.2";"     8.7"
"3086";"GM1652";"2020JJ00";"     1.5";"     2.7";"     1.1";"     5.2";"     3.6";"    13.4";"     0.9";"     8.0";"     0.9";"    14.6";"     0.9";"    13.2";"       .";"       .";"       .";"       .";"     1.4";"    10.7";"    22.5"
"3102";"GM0907";"2020JJ00";"     1.3";"     3.4";"     1.2";"     8.0";"     2.2";"     8.1";"     0.7";"    10.7";"     0.8";"    14.5";"     1.1";"    13.4";"       .";"       .";"       .";"       .";"     0.9";"     8.7";"    20.4"
"3118";"GM0689";"2020JJ00";"";"";"";"";"";"";"";"";"";"";"";"";"";"";"";"";"";"";""
"3134";"GM0784";"2020JJ00";"     0.8";"     4.0";"     0.9";"     4.6";"     3.0";"    21.2";"     1.0";"     6.0";"     0.8";"     9.2";"     0.6";"    12.2";"       .";"       .";"       .";"       .";"     1.3";"     3.1";"    10.9"
"3150";"GM0511";"2020JJ00";"";"";"";"";"";"";"";"";"";"";"";"";"";"";"";"";"";"";""
"3166";"GM1924";"2020JJ00";"     1.3";"     2.3";"     1.1";"     3.6";"     5.3";"     2.4";"     1.7";"     3.3";"     1.1";"     7.2";"     1.6";"     8.9";"       .";"       .";"       .";"       .";"     1.6";"    37.4";"    41.3"
"3182";"GM0664";"2020JJ00";"     1.2";"     6.3";"     1.2";"     8.5";"     2.5";"     1.1";"     1.5";"    20.9";"     1.2";"    33.6";"     1.1";"    37.3";"       .";"       .";"       .";"       .";"     1.6";"     2.6";"    52.6"
"3198";"GM0785";"2020JJ00";"     0.9";"    15.0";"     1.0";"    19.2";"     1.8";"    14.0";"     1.0";"    49.6";"     0.7";"    83.6";"     1.1";"    65.1";"       .";"       .";"       .";"       .";"     2.8";"     5.3";"     5.4"
"3214";"GM1942";"2020JJ00";"     0.7";"    14.7";"     0.8";"    14.8";"     2.3";"    23.1";"     1.1";"    16.3";"     0.6";"    50.4";"     0.7";"    79.4";"       .";"       .";"       .";"       .";"     1.4";"     2.1";"     7.8"
"3230";"GM0512";"2020JJ00";"     0.8";"    10.9";"     0.6";"    12.6";"     1.9";"     6.1";"     1.1";"    18.9";"     0.5";"    44.8";"     0.7";"    37.5";"       .";"       .";"       .";"       .";"     1.5";"     2.0";"    25.9"
"3246";"GM0513";"2020JJ00";"     0.7";"    16.9";"     0.6";"    19.9";"     1.7";"    21.8";"     1.3";"    26.9";"     0.6";"    73.6";"     0.9";"    75.1";"       .";"       .";"       .";"       .";"     1.7";"     1.6";"     2.0"
"3262";"GM0693";"2020JJ00";"";"";"";"";"";"";"";"";"";"";"";"";"";"";"";"";"";"";""
"3278";"GM0365";"2020JJ00";"";"";"";"";"";"";"";"";"";"";"";"";"";"";"";"";"";"";""
"3294";"GM0786";"2020JJ00";"     1.6";"     2.1";"     1.1";"     4.0";"     1.7";"    14.7";"     1.3";"     6.2";"     0.9";"    10.2";"     1.2";"    18.7";"       .";"       .";"       .";"       .";"     0.7";"     8.3";"    16.2"
"3310";"GM0517";"2020JJ00";"";"";"";"";"";"";"";"";"";"";"";"";"";"";"";"";"";"";""
"3326";"GM0518";"2020JJ00";"     0.6";"    67.1";"     0.5";"    82.4";"     1.2";"    42.4";"     0.6";"   266.2";"     0.4";"   398.3";"     0.4";"   524.8";"       .";"       .";"       .";"       .";"     3.0";"     3.2";"     4.0"
"3342";"GM0240";"2020JJ00";"";"";"";"";"";"";"";"";"";"";"";"";"";"";"";"";"";"";""
"3358";"GM0241";"2020JJ00";"";"";"";"";"";"";"";"";"";"";"";"";"";"";"";"";"";"";""
"3374";"GM0014";"2020JJ00";"     0.8";"    27.7";"     0.7";"    34.5";"     1.9";"    13.6";"     0.8";"   100.8";"     0.6";"   128.2";"     0.6";"   216.5";"       .";"       .";"       .";"       .";"     1.1";"     2.5";"     3.8"
"3390";"GM0015";"2020JJ00";"";"";"";"";"";"";"";"";"";"";"";"";"";"";"";"";"";"";""
"3406";"GM1729";"2020JJ00";"     1.8";"     4.3";"     1.6";"     3.8";"     3.3";"    15.6";"     0.8";"    16.1";"     0.9";"    13.0";"     0.6";"    33.5";"       .";"       .";"       .";"       .";"     1.3";"     7.1";"    12.6"
"3422";"GM0158";"2020JJ00";"     1.5";"     2.8";"     1.2";"     5.5";"     2.1";"    14.3";"     1.5";"     5.4";"     0.8";"    14.6";"     1.0";"    21.2";"       .";"       .";"       .";"       .";"     1.9";"    12.5";"    13.7"
"3438";"GM0788";"2020JJ00";"     1.6";"     3.8";"     1.1";"     7.1";"     5.0";"    23.9";"     1.0";"     8.9";"     1.0";"    15.3";"     1.1";"    27.8";"       .";"       .";"       .";"       .";"     1.9";"     4.9";"    10.7"
"3454";"GM0392";"2020JJ00";"     0.6";"    33.5";"     0.5";"    41.2";"     1.3";"    35.8";"     0.6";"    93.4";"     0.4";"   164.4";"     0.4";"   245.5";"       .";"       .";"       .";"       .";"     1.2";"     2.3";"     2.7"
"3470";"GM0393";"2020JJ00";"";"";"";"";"";"";"";"";"";"";"";"";"";"";"";"";"";"";""
"3486";"GM0394";"2020JJ00";"     1.0";"    14.7";"     1.1";"    14.9";"     2.6";"    34.1";"     1.5";"     8.8";"     1.0";"    31.5";"     0.9";"    47.1";"       .";"       .";"       .";"       .";"     1.5";"     4.1";"     9.5"
"3502";"GM0914";"2020JJ00";"";"";"";"";"";"";"";"";"";"";"";"";"";"";"";"";"";"";""
"3518";"GM1655";"2020JJ00";"     1.1";"     3.9";"     1.0";"     7.4";"     3.5";"     9.8";"     0.7";"    12.0";"     0.8";"    18.0";"     0.9";"    17.1";"       .";"       .";"       .";"       .";"     1.2";"     3.4";"     9.5"
"3534";"GM0160";"2020JJ00";"     1.5";"     2.6";"     1.4";"     4.0";"     4.1";"     6.6";"     1.8";"     3.3";"     1.1";"     9.3";"     1.3";"    11.7";"       .";"       .";"       .";"       .";"     1.5";"     6.5";"    29.2"
"3550";"GM0243";"2020JJ00";"     0.9";"    10.7";"     0.8";"    15.3";"     1.9";"     8.7";"     1.5";"    17.5";"     0.7";"    38.6";"     0.9";"    46.6";"       .";"       .";"       .";"       .";"     1.7";"     2.6";"    30.9"
"3566";"GM0523";"2020JJ00";"     1.8";"     5.1";"     0.8";"     6.1";"     1.9";"    12.4";"     0.9";"     6.2";"     0.6";"    13.4";"     1.5";"    11.2";"       .";"       .";"       .";"       .";"     1.7";"     1.1";"    16.0"
"3582";"GM0017";"2020JJ00";"";"";"";"";"";"";"";"";"";"";"";"";"";"";"";"";"";"";""
"3598";"GM0395";"2020JJ00";"";"";"";"";"";"";"";"";"";"";"";"";"";"";"";"";"";"";""
"3614";"GM0072";"2020JJ00";"     1.2";"     3.9";"     1.1";"     5.9";"     1.8";"     3.0";"     1.5";"    10.8";"     0.8";"    18.5";"     1.6";"    26.2";"       .";"       .";"       .";"       .";"     1.3";"     1.4";"    27.4"
"3630";"GM0244";"2020JJ00";"     1.1";"     3.3";"     0.9";"     4.2";"     1.3";"    15.1";"     0.9";"     4.9";"     0.7";"    16.1";"     1.0";"    17.2";"       .";"       .";"       .";"       .";"     2.5";"     5.6";"     6.4"
"3646";"GM1937";"2020JJ00";"";"";"";"";"";"";"";"";"";"";"";"";"";"";"";"";"";"";""
"3662";"GM0396";"2020JJ00";"     0.7";"    18.8";"     0.8";"    22.5";"     1.5";"    22.5";"     0.9";"    34.5";"     0.7";"    57.3";"     0.6";"    64.8";"       .";"       .";"       .";"       .";"     2.0";"     2.4";"    15.3"
"3678";"GM0397";"2020JJ00";"     0.8";"    28.6";"     0.5";"    34.0";"     1.4";"    24.6";"     0.9";"    71.5";"     0.5";"   127.8";"     0.6";"   192.9";"       .";"       .";"       .";"       .";"     1.4";"     2.2";"     5.0"
"3694";"GM0246";"2020JJ00";"     1.3";"     1.5";"     1.2";"     3.9";"     2.6";"    14.7";"     1.3";"     2.8";"     1.1";"     5.8";"     1.0";"    11.1";"       .";"       .";"       .";"       .";"     3.6";"     7.8";"    15.2"
"3710";"GM0074";"2020JJ00";"     1.6";"     3.4";"     1.6";"     5.5";"     3.7";"     4.9";"     2.1";"    15.9";"     1.3";"    18.0";"     1.8";"    23.4";"       .";"       .";"       .";"       .";"     1.4";"     4.3";"    31.0"
"3726";"GM0398";"2020JJ00";"     1.0";"    11.8";"     0.8";"    17.4";"     2.5";"    13.2";"     1.8";"    10.3";"     0.8";"    36.4";"     1.3";"    35.0";"       .";"       .";"       .";"       .";"     1.9";"     2.7";"     8.6"
"3742";"GM0917";"2020JJ00";"     0.8";"    17.6";"     0.7";"    24.7";"     2.0";"    15.0";"     0.5";"    67.6";"     0.4";"   106.1";"     0.7";"    79.9";"       .";"       .";"       .";"       .";"     1.6";"     2.3";"     3.6"
"3758";"GM1658";"2020JJ00";"     1.6";"     3.2";"     0.9";"     4.8";"     2.5";"    22.7";"     0.7";"     8.5";"     0.7";"    15.0";"     0.9";"    18.1";"       .";"       .";"       .";"       .";"     2.8";"     2.9";"    12.8"
"3774";"GM0399";"2020JJ00";"     1.0";"    14.7";"     0.7";"    14.9";"     1.6";"    16.4";"     1.0";"    21.2";"     0.7";"    40.7";"     0.8";"    54.0";"       .";"       .";"       .";"       .";"     3.0";"     1.4";"     5.6"
"3790";"GM0918";"2020JJ00";"";"";"";"";"";"";"";"";"";"";"";"";"";"";"";"";"";"";""
"3806";"GM0400";"2020JJ00";"     1.0";"     7.7";"     0.9";"    11.8";"     2.0";"     4.0";"     1.0";"    22.9";"     0.6";"    30.8";"     0.8";"    24.9";"       .";"       .";"       .";"       .";"     1.8";"     2.8";"    37.7"
"3822";"GM0163";"2020JJ00";"     1.3";"     3.4";"     1.0";"     7.9";"     2.7";"    11.9";"     1.6";"     9.7";"     1.1";"    16.0";"     0.8";"    20.8";"       .";"       .";"       .";"       .";"     1.8";"     2.5";"    15.3"
"3838";"GM0530";"2020JJ00";"     1.0";"     6.9";"     0.9";"     8.9";"     2.2";"     8.8";"     1.2";"     9.6";"     0.9";"    22.9";"     1.0";"    24.1";"       .";"       .";"       .";"       .";"     1.9";"    26.8";"    31.0"
"3854";"GM0794";"2020JJ00";"     0.7";"    14.7";"     0.7";"    20.7";"     2.5";"    22.2";"     1.1";"    36.7";"     0.6";"    65.3";"     0.7";"    59.8";"       .";"       .";"       .";"       .";"     2.4";"     1.8";"    14.4"
"3870";"GM0531";"2020JJ00";"     0.7";"    13.6";"     0.7";"    18.1";"     1.5";"    32.3";"     1.5";"     9.6";"     0.7";"    40.0";"     0.7";"    45.6";"       .";"       .";"       .";"       .";"     1.9";"     3.6";"     6.9"
"3886";"GM0164";"2020JJ00";"     0.9";"    16.4";"     0.7";"    21.5";"     1.8";"    17.9";"     1.4";"    38.8";"     0.7";"    57.5";"     0.7";"    63.6";"       .";"       .";"       .";"       .";"     2.0";"     2.0";"     2.8"
"3902";"GM0796";"2020JJ00";"     0.9";"    14.4";"     0.7";"    22.1";"     2.7";"    18.2";"     1.1";"    44.6";"     0.6";"    92.9";"     0.7";"   116.8";"       .";"       .";"       .";"       .";"     2.0";"     2.7";"     4.6"
"3918";"GM0252";"2020JJ00";"     1.3";"     5.4";"     1.2";"     7.8";"     2.1";"    13.6";"     1.1";"     7.7";"     0.8";"    17.2";"     1.2";"    18.9";"       .";"       .";"       .";"       .";"     0.5";"     4.1";"     8.8"
"3934";"GM0797";"2020JJ00";"     1.1";"     5.7";"     1.0";"     7.6";"     1.9";"    18.8";"     1.3";"    12.0";"     0.8";"    21.5";"     0.8";"    20.0";"       .";"       .";"       .";"       .";"     1.5";"    10.8";"    10.8"
"3950";"GM0920";"2020JJ00";"";"";"";"";"";"";"";"";"";"";"";"";"";"";"";"";"";"";""
"3966";"GM0534";"2020JJ00";"     0.9";"    13.2";"     0.9";"    14.7";"     1.3";"    27.8";"     1.2";"    10.3";"     0.8";"    29.6";"     0.8";"    40.5";"       .";"       .";"       .";"       .";"     1.6";"     2.3";"    12.3"
"3982";"GM0798";"2020JJ00";"     1.4";"     2.9";"     1.3";"     4.7";"     2.2";"    13.9";"     0.9";"    11.3";"     1.0";"    11.7";"     1.2";"    14.4";"       .";"       .";"       .";"       .";"     1.3";"    11.0";"    11.2"
"3998";"GM0402";"2020JJ00";"     0.7";"    20.7";"     0.6";"    21.9";"     1.4";"    30.2";"     0.8";"    48.3";"     0.5";"    86.8";"     0.5";"   128.7";"       .";"       .";"       .";"       .";"     1.7";"     1.6";"     2.2"
"4014";"GM1963";"2020JJ00";"     1.0";"     2.6";"     0.9";"     3.9";"     4.2";"    13.1";"     1.3";"     4.3";"     0.9";"     9.8";"     1.4";"    12.2";"       .";"       .";"       .";"       .";"     1.7";"    14.7";"    19.5"
"4030";"GM1735";"2020JJ00";"     1.7";"     2.2";"     1.3";"     3.7";"     2.7";"    14.3";"     1.5";"     4.3";"     1.0";"     7.3";"     1.0";"     9.6";"       .";"       .";"       .";"       .";"     1.1";"     3.2";"    14.8"
"4046";"GM1966";"2020JJ00";"     1.3";"     2.2";"     1.4";"     3.4";"     7.7";"     5.5";"     2.7";"     2.1";"     1.9";"     3.3";"     1.0";"     8.0";"       .";"       .";"       .";"       .";"     0.9";"     3.4";"    20.9"
"4062";"GM1911";"2020JJ00";"     1.9";"     1.5";"     1.5";"     3.2";"     5.7";"     6.0";"     1.6";"     2.6";"     1.5";"     4.1";"     1.3";"     5.8";"       .";"       .";"       .";"       .";"     1.4";"    10.2";"    27.0"
"4078";"GM0118";"2020JJ00";"     1.4";"     7.5";"     1.0";"    13.0";"     3.5";"     3.5";"     2.1";"    10.1";"     0.9";"    27.8";"     1.1";"    29.9";"       .";"       .";"       .";"       .";"     1.9";"     4.2";"    42.6"
"4094";"GM0018";"2020JJ00";"";"";"";"";"";"";"";"";"";"";"";"";"";"";"";"";"";"";""
"4110";"GM0405";"2020JJ00";"     0.8";"    14.0";"     0.7";"    16.5";"     3.0";"     8.9";"     1.1";"    24.5";"     0.8";"    45.2";"     0.9";"    71.5";"       .";"       .";"       .";"       .";"     1.8";"     1.9";"     3.1"
"4126";"GM1507";"2020JJ00";"     1.5";"     2.6";"     1.5";"     5.5";"     4.6";"     7.6";"     0.8";"    11.1";"     0.8";"    15.0";"     1.2";"    12.1";"       .";"       .";"       .";"       .";"     1.5";"     5.1";"    14.2"
"4142";"GM0321";"2020JJ00";"     1.5";"     5.2";"     1.5";"     8.8";"     2.8";"    24.7";"     2.0";"     3.0";"     1.5";"    16.2";"     1.4";"    29.7";"       .";"       .";"       .";"       .";"     2.2";"     2.2";"    11.1"
"4158";"GM0406";"2020JJ00";"     0.8";"    10.0";"     0.7";"    13.8";"     2.0";"    17.4";"     1.5";"     3.1";"     0.7";"    31.1";"     0.7";"    51.6";"       .";"       .";"       .";"       .";"     2.3";"     7.5";"    10.8"
"4174";"GM0677";"2020JJ00";"     2.6";"     2.1";"     2.0";"     6.5";"     4.9";"     1.9";"     1.0";"    10.6";"     1.4";"    10.1";"     1.4";"    18.1";"       .";"       .";"       .";"       .";"     2.0";"    47.0";"    92.5"
"4190";"GM0925";"2020JJ00";"";"";"";"";"";"";"";"";"";"";"";"";"";"";"";"";"";"";""
"4206";"GM0353";"2020JJ00";"     0.7";"     9.6";"     0.7";"    15.6";"     1.4";"    24.7";"     1.1";"     6.8";"     0.7";"    36.2";"     0.9";"    46.7";"       .";"       .";"       .";"       .";"     1.6";"    11.1";"    12.5"
"4222";"GM0645";"2020JJ00";"";"";"";"";"";"";"";"";"";"";"";"";"";"";"";"";"";"";""
"4238";"GM1884";"2020JJ00";"     1.2";"     4.8";"     1.3";"     3.7";"     3.4";"    25.5";"     1.6";"     3.7";"     1.2";"     5.3";"     0.6";"    16.1";"       .";"       .";"       .";"       .";"     1.4";"     7.8";"    12.7"
"4254";"GM0166";"2020JJ00";"     1.5";"     7.3";"     1.1";"    11.4";"     2.4";"    11.9";"     1.8";"    16.2";"     1.2";"    29.1";"     1.4";"    34.3";"       .";"       .";"       .";"       .";"     1.4";"     2.1";"    14.9"
"4270";"GM0678";"2020JJ00";"     0.9";"     2.9";"     0.8";"     3.9";"     7.2";"     1.0";"     0.8";"     2.9";"     0.9";"     6.2";"     1.0";"     4.9";"       .";"       .";"       .";"       .";"     0.9";"     2.4";"    46.6"
"4286";"GM0537";"2020JJ00";"     0.7";"    19.7";"     0.6";"    16.5";"     1.6";"    29.3";"     0.9";"    14.1";"     0.5";"    46.2";"     0.5";"    61.7";"       .";"       .";"       .";"       .";"     1.3";"     6.6";"     7.0"
"4302";"GM0928";"2020JJ00";"     0.8";"    11.1";"     0.8";"    14.8";"     2.3";"    10.0";"     0.4";"    54.5";"     0.4";"    60.9";"     0.6";"    41.4";"       .";"       .";"       .";"       .";"     1.2";"     1.8";"     7.7"
"4318";"GM0929";"2020JJ00";"";"";"";"";"";"";"";"";"";"";"";"";"";"";"";"";"";"";""
"4334";"GM1598";"2020JJ00";"     1.2";"     3.8";"     1.7";"     4.4";"     3.7";"    11.7";"     1.4";"     5.5";"     1.6";"     7.1";"     1.5";"    11.3";"       .";"       .";"       .";"       .";"     1.4";"     5.2";"    10.0"
"4350";"GM0079";"2020JJ00";"";"";"";"";"";"";"";"";"";"";"";"";"";"";"";"";"";"";""
"4366";"GM0588";"2020JJ00";"";"";"";"";"";"";"";"";"";"";"";"";"";"";"";"";"";"";""
"4382";"GM0542";"2020JJ00";"     1.4";"     7.6";"     0.7";"    14.1";"     1.9";"    37.6";"     2.1";"     6.7";"     0.7";"    25.4";"     0.6";"    34.4";"       .";"       .";"       .";"       .";"     1.0";"     7.3";"    11.4"
"4398";"GM1931";"2020JJ00";"     1.3";"     2.7";"     1.0";"     5.3";"     5.2";"    19.3";"     1.2";"     6.0";"     1.0";"     9.2";"     1.1";"    12.3";"       .";"       .";"       .";"       .";"     1.0";"    10.8";"    12.6"
"4414";"GM1659";"2020JJ00";"     1.1";"     5.7";"     0.8";"     8.5";"     2.8";"    25.0";"     0.7";"    19.4";"     0.7";"    27.3";"     1.0";"    27.2";"       .";"       .";"       .";"       .";"     1.7";"     7.9";"    15.5"
"4430";"GM1685";"2020JJ00";"     1.1";"     2.1";"     1.3";"     3.3";"     7.2";"    13.0";"     1.2";"     4.3";"     0.9";"     7.2";"     0.8";"    11.9";"       .";"       .";"       .";"       .";"     1.3";"     9.9";"    23.3"
"4446";"GM0882";"2020JJ00";"     0.7";"    15.7";"     0.9";"    16.1";"     2.0";"    12.0";"     0.5";"    59.6";"     0.5";"    79.1";"     0.6";"    59.0";"       .";"       .";"       .";"       .";"     1.8";"     2.0";"     5.0"
"4462";"GM0415";"2020JJ00";"     0.8";"    13.8";"     1.0";"    10.4";"     1.1";"    34.6";"     0.8";"    10.8";"     0.8";"    26.6";"     0.8";"    31.5";"       .";"       .";"       .";"       .";"     1.8";"     7.9";"     9.0"
"4478";"GM0416";"2020JJ00";"     1.0";"    10.4";"     0.8";"    14.4";"     2.5";"    11.7";"     0.8";"    15.2";"     0.9";"    32.7";"     0.8";"    33.7";"       .";"       .";"       .";"       .";"     1.4";"     4.0";"     9.0"
"4494";"GM1621";"2020JJ00";"     0.9";"    13.3";"     1.0";"    11.2";"     2.9";"    51.4";"     2.6";"     3.6";"     0.9";"    23.3";"     1.0";"    33.5";"       .";"       .";"       .";"       .";"     1.2";"     6.4";"    10.1"
"4510";"GM0417";"2020JJ00";"     1.0";"    15.2";"     0.9";"    15.5";"     1.1";"    21.3";"     0.9";"    15.6";"     0.7";"    35.0";"     0.5";"    61.6";"       .";"       .";"       .";"       .";"     1.1";"     5.1";"     5.5"
"4526";"GM0022";"2020JJ00";"";"";"";"";"";"";"";"";"";"";"";"";"";"";"";"";"";"";""
"4542";"GM0545";"2020JJ00";"";"";"";"";"";"";"";"";"";"";"";"";"";"";"";"";"";"";""
"4558";"GM0080";"2020JJ00";"     1.4";"    17.5";"     0.9";"    22.9";"     2.3";"     7.3";"     2.0";"    47.4";"     1.3";"    57.3";"     1.0";"    99.8";"       .";"       .";"       .";"       .";"     2.2";"     3.2";"     4.4"
"4574";"GM0081";"2020JJ00";"";"";"";"";"";"";"";"";"";"";"";"";"";"";"";"";"";"";""
"4590";"GM0546";"2020JJ00";"     0.6";"    40.2";"     0.6";"    35.0";"     1.4";"    38.8";"     0.8";"    87.7";"     0.5";"   137.4";"     0.5";"   232.0";"       .";"       .";"       .";"       .";"     2.1";"     1.6";"     2.3"
"4606";"GM0547";"2020JJ00";"     1.0";"    26.3";"     0.9";"    26.3";"     1.3";"    31.2";"     1.6";"    82.1";"     0.7";"   115.8";"     0.6";"   205.0";"       .";"       .";"       .";"       .";"     2.0";"     4.0";"     4.3"
"4622";"GM1916";"2020JJ00";"     0.7";"    36.1";"     0.8";"    45.4";"     2.2";"    45.3";"     1.0";"   100.1";"     0.6";"   208.4";"     0.5";"   297.7";"       .";"       .";"       .";"       .";"     1.2";"     2.1";"     4.9"
"4638";"GM0995";"2020JJ00";"     1.2";"    12.4";"     1.1";"    17.0";"     2.7";"     1.8";"     1.9";"     8.0";"     1.1";"    41.3";"     1.1";"    49.3";"       .";"       .";"       .";"       .";"     2.7";"     2.7";"    27.8"
"4654";"GM0082";"2020JJ00";"";"";"";"";"";"";"";"";"";"";"";"";"";"";"";"";"";"";""
"4670";"GM1640";"2020JJ00";"     1.4";"     4.5";"     1.1";"     5.3";"     5.0";"     7.7";"     0.9";"    12.0";"     0.9";"    15.0";"     0.8";"    16.6";"       .";"       .";"       .";"       .";"     1.0";"    10.2";"    11.4"
"4686";"GM0327";"2020JJ00";"     0.8";"     9.8";"     1.0";"    14.3";"     2.1";"    23.1";"     2.0";"    14.2";"     0.8";"    38.4";"     0.8";"    54.3";"       .";"       .";"       .";"       .";"     2.2";"     6.1";"     6.5"
"4702";"GM1673";"2020JJ00";"";"";"";"";"";"";"";"";"";"";"";"";"";"";"";"";"";"";""
"4718";"GM0694";"2020JJ00";"";"";"";"";"";"";"";"";"";"";"";"";"";"";"";"";"";"";""
"4734";"GM0733";"2020JJ00";"";"";"";"";"";"";"";"";"";"";"";"";"";"";"";"";"";"";""
"4750";"GM1705";"2020JJ00";"     0.9";"     6.0";"     0.8";"     9.3";"     2.7";"    17.5";"     0.9";"    10.2";"     0.7";"    15.7";"     1.0";"    14.5";"       .";"       .";"       .";"       .";"     1.4";"     7.0";"     9.6"
"4766";"GM0553";"2020JJ00";"     0.8";"     9.2";"     0.8";"    12.5";"     1.3";"    30.3";"     1.1";"    10.4";"     0.8";"    28.1";"     0.7";"    45.2";"       .";"       .";"       .";"       .";"     1.0";"     6.0";"    13.7"
"4782";"GM0808";"2020JJ00";"";"";"";"";"";"";"";"";"";"";"";"";"";"";"";"";"";"";""
"4798";"GM0140";"2020JJ00";"";"";"";"";"";"";"";"";"";"";"";"";"";"";"";"";"";"";""
"4814";"GM0262";"2020JJ00";"     1.6";"     3.5";"     1.3";"     4.7";"     4.2";"    12.5";"     3.7";"     4.5";"     1.5";"    12.5";"     1.3";"    20.5";"       .";"       .";"       .";"       .";"     1.1";"     4.7";"    12.2"
"4830";"GM0329";"2020JJ00";"";"";"";"";"";"";"";"";"";"";"";"";"";"";"";"";"";"";""
"4846";"GM0809";"2020JJ00";"     0.8";"     6.8";"     1.0";"     8.3";"     2.5";"    18.4";"     1.1";"    10.5";"     0.6";"    22.2";"     0.7";"    26.9";"       .";"       .";"       .";"       .";"     1.9";"    11.6";"    12.1"
"4862";"GM0331";"2020JJ00";"     1.6";"     2.1";"     2.0";"     2.1";"     6.6";"    11.8";"     1.2";"     3.1";"     1.9";"     7.2";"     2.2";"     6.5";"       .";"       .";"       .";"       .";"     1.6";"    15.1";"    19.0"
"4878";"GM0024";"2020JJ00";"     2.4";"     1.5";"     2.5";"     0.9";"     8.2";"     6.6";"     2.7";"     1.5";"     3.9";"     1.3";"     1.7";"     4.6";"       .";"       .";"       .";"       .";"     1.3";"     3.3";"    21.3"
"4894";"GM0168";"2020JJ00";"     1.2";"     3.7";"     1.1";"     5.0";"     2.5";"    10.2";"     1.7";"     7.2";"     0.9";"     9.6";"     0.8";"    13.2";"       .";"       .";"       .";"       .";"     1.1";"     6.2";"    11.4"
"4910";"GM0333";"2020JJ00";"";"";"";"";"";"";"";"";"";"";"";"";"";"";"";"";"";"";""
"4926";"GM0933";"2020JJ00";"";"";"";"";"";"";"";"";"";"";"";"";"";"";"";"";"";"";""
"4942";"GM0934";"2020JJ00";"";"";"";"";"";"";"";"";"";"";"";"";"";"";"";"";"";"";""
"4958";"GM1671";"2020JJ00";"";"";"";"";"";"";"";"";"";"";"";"";"";"";"";"";"";"";""
"4974";"GM0263";"2020JJ00";"     1.2";"     3.7";"     1.4";"     4.0";"     5.0";"    13.8";"     1.3";"     5.9";"     0.8";"     8.9";"     1.1";"     8.4";"       .";"       .";"       .";"       .";"     1.1";"     7.7";"    12.8"
"4990";"GM1641";"2020JJ00";"     1.1";"     4.4";"     1.5";"     4.3";"     3.9";"     6.4";"     0.6";"    17.2";"     0.5";"    17.3";"     0.7";"    16.4";"       .";"       .";"       .";"       .";"     1.8";"     7.8";"    10.5"
"5006";"GM0556";"2020JJ00";"     1.4";"     5.6";"     0.7";"    13.1";"     1.7";"    40.9";"     0.7";"    17.1";"     0.7";"    23.2";"     0.6";"    34.5";"       .";"       .";"       .";"       .";"     1.7";"    12.8";"    17.2"
"5022";"GM0935";"2020JJ00";"     0.6";"    20.7";"     0.6";"    26.6";"     1.6";"    12.3";"     0.6";"   100.3";"     0.5";"   117.4";"     0.6";"   236.1";"       .";"       .";"       .";"       .";"     2.4";"     2.5";"     2.9"
"5038";"GM0936";"2020JJ00";"";"";"";"";"";"";"";"";"";"";"";"";"";"";"";"";"";"";""
"5054";"GM1663";"2020JJ00";"";"";"";"";"";"";"";"";"";"";"";"";"";"";"";"";"";"";""
"5070";"GM0025";"2020JJ00";"";"";"";"";"";"";"";"";"";"";"";"";"";"";"";"";"";"";""
"5086";"GM0420";"2020JJ00";"     1.3";"     2.8";"     1.1";"     4.5";"     4.1";"     8.1";"     1.9";"     4.1";"     1.2";"     6.5";"     0.9";"    13.9";"       .";"       .";"       .";"       .";"     2.4";"     8.7";"    13.7"
"5102";"GM0993";"2020JJ00";"";"";"";"";"";"";"";"";"";"";"";"";"";"";"";"";"";"";""
"5118";"GM0938";"2020JJ00";"     0.8";"     7.0";"     1.0";"     8.0";"     2.3";"    18.5";"     0.5";"    24.7";"     0.5";"    24.1";"     0.6";"    30.2";"       .";"       .";"       .";"       .";"     1.6";"     1.7";"     7.8"
"5134";"GM1948";"2020JJ00";"     1.3";"     5.0";"     1.2";"     7.3";"     2.2";"    20.5";"     0.9";"    11.0";"     0.8";"    21.8";"     1.0";"    22.5";"       .";"       .";"       .";"       .";"     1.8";"    13.6";"    18.0"
"5150";"GM0941";"2020JJ00";"";"";"";"";"";"";"";"";"";"";"";"";"";"";"";"";"";"";""
"5166";"GM0083";"2020JJ00";"";"";"";"";"";"";"";"";"";"";"";"";"";"";"";"";"";"";""
"5182";"GM1908";"2020JJ00";"";"";"";"";"";"";"";"";"";"";"";"";"";"";"";"";"";"";""
"5198";"GM1987";"2020JJ00";"";"";"";"";"";"";"";"";"";"";"";"";"";"";"";"";"";"";""
"5214";"GM0119";"2020JJ00";"     1.1";"     4.4";"     0.9";"     7.3";"     2.5";"     5.0";"     2.2";"    14.1";"     0.9";"    16.2";"     1.6";"    27.7";"       .";"       .";"       .";"       .";"     1.6";"     2.9";"    26.5"
"5230";"GM0687";"2020JJ00";"     0.9";"     8.8";"     0.8";"    11.8";"     2.2";"     2.1";"     1.3";"    22.3";"     0.7";"    46.3";"     0.8";"    44.1";"       .";"       .";"       .";"       .";"     1.2";"     1.7";"    71.1"
"5246";"GM0559";"2020JJ00";"";"";"";"";"";"";"";"";"";"";"";"";"";"";"";"";"";"";""
"5262";"GM1842";"2020JJ00";"     0.8";"    15.0";"     0.8";"    19.8";"     3.6";"    51.6";"     0.7";"    27.7";"     0.7";"    65.4";"     0.6";"    92.6";"       .";"       .";"       .";"       .";"     1.0";"     6.4";"    12.4"
"5278";"GM1731";"2020JJ00";"     2.5";"     1.8";"     1.7";"     2.9";"     5.6";"     4.4";"     3.6";"     0.7";"     1.9";"     3.7";"     1.3";"     7.2";"       .";"       .";"       .";"       .";"     1.5";"     6.6";"    41.5"
"5294";"GM1952";"2020JJ00";"     1.4";"     5.6";"     1.2";"     7.4";"     3.5";"    10.5";"     1.6";"     7.9";"     1.2";"    13.0";"     1.1";"    16.1";"       .";"       .";"       .";"       .";"     1.7";"     3.4";"    17.9"
"5310";"GM0815";"2020JJ00";"     2.0";"     3.5";"     2.2";"     3.3";"     2.4";"    13.7";"     0.7";"     8.4";"     1.6";"     5.3";"     1.4";"     7.8";"       .";"       .";"       .";"       .";"     2.1";"    10.8";"    23.2"
"5326";"GM0265";"2020JJ00";"";"";"";"";"";"";"";"";"";"";"";"";"";"";"";"";"";"";""
"5342";"GM1709";"2020JJ00";"     1.2";"     2.1";"     1.5";"     2.2";"     5.3";"     9.0";"     1.6";"     5.4";"     1.0";"     5.5";"     1.0";"     9.6";"       .";"       .";"       .";"       .";"     1.7";"     5.7";"    16.2"
"5358";"GM1978";"2020JJ00";"     1.2";"     3.2";"     1.4";"     4.0";"     6.5";"    15.0";"     2.1";"     4.6";"     1.1";"     9.8";"     1.1";"     9.3";"       .";"       .";"       .";"       .";"     2.1";"     8.6";"    18.9"
"5374";"GM1927";"2020JJ00";"";"";"";"";"";"";"";"";"";"";"";"";"";"";"";"";"";"";""
"5390";"GM1955";"2020JJ00";"     1.1";"     3.2";"     1.0";"     5.2";"     2.1";"    13.2";"     0.9";"     8.7";"     0.9";"     9.6";"     0.9";"    16.2";"       .";"       .";"       .";"       .";"     1.1";"     5.0";"    24.5"
"5406";"GM0335";"2020JJ00";"     1.0";"     4.6";"     0.8";"     4.2";"     2.0";"    22.7";"     1.8";"     5.3";"     0.9";"    12.9";"     0.8";"    20.3";"       .";"       .";"       .";"       .";"     0.6";"     7.2";"    15.8"
"5422";"GM0944";"2020JJ00";"     1.0";"     5.3";"     1.0";"    10.6";"     3.2";"    13.3";"     1.1";"    11.4";"     0.7";"    22.5";"     0.6";"    34.4";"       .";"       .";"       .";"       .";"     0.7";"     1.8";"    11.1"
"5438";"GM0563";"2020JJ00";"";"";"";"";"";"";"";"";"";"";"";"";"";"";"";"";"";"";""
"5454";"GM0424";"2020JJ00";"";"";"";"";"";"";"";"";"";"";"";"";"";"";"";"";"";"";""
"5470";"GM0425";"2020JJ00";"";"";"";"";"";"";"";"";"";"";"";"";"";"";"";"";"";"";""
"5486";"GM1740";"2020JJ00";"     1.1";"     3.3";"     1.1";"     4.8";"     5.8";"    14.7";"     2.6";"     2.3";"     0.9";"     9.1";"     1.3";"    10.8";"       .";"       .";"       .";"       .";"     1.7";"     2.5";"    24.9"
"5502";"GM0643";"2020JJ00";"";"";"";"";"";"";"";"";"";"";"";"";"";"";"";"";"";"";""
"5518";"GM0946";"2020JJ00";"     2.1";"     4.0";"     1.4";"     5.4";"     2.3";"     7.6";"     0.8";"    12.0";"     1.0";"    14.3";"     1.3";"    10.9";"       .";"       .";"       .";"       .";"     1.3";"     7.7";"    22.1"
"5534";"GM0304";"2020JJ00";"";"";"";"";"";"";"";"";"";"";"";"";"";"";"";"";"";"";""
"5550";"GM0412";"2020JJ00";"";"";"";"";"";"";"";"";"";"";"";"";"";"";"";"";"";"";""
"5566";"GM0356";"2020JJ00";"     0.8";"    12.5";"     0.7";"    20.8";"     2.3";"    26.4";"     1.7";"     9.0";"     0.6";"    49.4";"     0.7";"    64.6";"       .";"       .";"       .";"       .";"     1.7";"     7.3";"     8.8"
"5582";"GM0567";"2020JJ00";"";"";"";"";"";"";"";"";"";"";"";"";"";"";"";"";"";"";""
"5598";"GM0569";"2020JJ00";"     1.1";"     4.5";"     0.9";"     3.6";"     2.9";"    17.1";"     0.9";"     6.0";"     1.1";"     4.9";"     1.2";"     9.3";"       .";"       .";"       .";"       .";"     1.0";"    11.0";"    18.5"
"5614";"GM0571";"2020JJ00";"";"";"";"";"";"";"";"";"";"";"";"";"";"";"";"";"";"";""
"5630";"GM0104";"2020JJ00";"";"";"";"";"";"";"";"";"";"";"";"";"";"";"";"";"";"";""
"5646";"GM0267";"2020JJ00";"     1.1";"     5.5";"     0.9";"     8.8";"     1.7";"    20.2";"     1.7";"     4.4";"     0.9";"    17.1";"     1.1";"    25.6";"       .";"       .";"       .";"       .";"     1.3";"     2.0";"    11.5"
"5662";"GM0268";"2020JJ00";"     0.8";"    18.6";"     0.7";"    28.2";"     2.7";"    17.0";"     0.9";"    86.7";"     0.5";"   117.3";"     0.6";"   138.4";"       .";"       .";"       .";"       .";"     2.0";"     1.7";"     3.5"
"5678";"GM1930";"2020JJ00";"     0.8";"    14.3";"     0.8";"    15.0";"     3.0";"    20.9";"     1.2";"    20.9";"     0.7";"    41.5";"     0.7";"    39.8";"       .";"       .";"       .";"       .";"     2.9";"    15.7";"    19.9"
"5694";"GM1970";"2020JJ00";"     1.9";"     2.1";"     1.5";"     4.2";"     5.2";"     3.6";"     1.8";"     3.3";"     2.3";"     6.0";"     1.5";"     7.3";"       .";"       .";"       .";"       .";"     1.5";"    11.5";"    25.5"
"5710";"GM1695";"2020JJ00";"     1.9";"     1.0";"     1.1";"     2.8";"    14.6";"     1.7";"     4.3";"     0.7";"     0.9";"     3.2";"     1.3";"     9.2";"       .";"       .";"       .";"       .";"     2.4";"    14.9";"    65.9"
"5726";"GM1699";"2020JJ00";"     1.6";"     5.2";"     1.5";"     6.0";"     4.0";"    11.4";"     1.6";"     6.5";"     1.4";"    10.1";"     1.1";"    20.1";"       .";"       .";"       .";"       .";"     1.3";"    14.5";"    16.4"
"5742";"GM0529";"2020JJ00";"";"";"";"";"";"";"";"";"";"";"";"";"";"";"";"";"";"";""
"5758";"GM0171";"2020JJ00";"     2.2";"     4.7";"     1.4";"     6.1";"     5.1";"     3.0";"     3.0";"     0.9";"     2.1";"     8.2";"     1.5";"     9.3";"       .";"       .";"       .";"       .";"     1.0";"    22.8";"    37.2"
"5774";"GM0575";"2020JJ00";"     0.8";"     7.8";"     0.7";"    10.4";"     1.5";"    22.4";"     0.9";"     8.0";"     0.6";"    33.5";"     0.5";"    51.8";"       .";"       .";"       .";"       .";"     1.5";"     5.3";"    11.6"
"5790";"GM0576";"2020JJ00";"";"";"";"";"";"";"";"";"";"";"";"";"";"";"";"";"";"";""
"5806";"GM0820";"2020JJ00";"     1.0";"     8.3";"     1.2";"    10.8";"     1.7";"    25.7";"     1.1";"     8.7";"     0.8";"    20.6";"     0.9";"    34.4";"       .";"       .";"       .";"       .";"     1.9";"     5.7";"     6.9"
"5822";"GM0302";"2020JJ00";"     1.3";"     3.9";"     1.1";"     6.2";"     3.3";"     8.8";"     1.5";"     3.1";"     1.1";"    12.1";"     1.0";"    21.6";"       .";"       .";"       .";"       .";"     2.0";"     3.4";"    25.8"
"5838";"GM0951";"2020JJ00";"";"";"";"";"";"";"";"";"";"";"";"";"";"";"";"";"";"";""
"5854";"GM0429";"2020JJ00";"";"";"";"";"";"";"";"";"";"";"";"";"";"";"";"";"";"";""
"5870";"GM0579";"2020JJ00";"     0.8";"    27.1";"     0.6";"    24.8";"     1.3";"    32.7";"     1.6";"    66.7";"     0.7";"   104.6";"     1.0";"   180.5";"       .";"       .";"       .";"       .";"     1.4";"     3.5";"     3.5"
"5886";"GM0823";"2020JJ00";"     1.4";"     3.0";"     1.6";"     2.7";"     3.2";"    22.9";"     0.9";"    10.8";"     1.0";"     6.8";"     1.0";"    15.1";"       .";"       .";"       .";"       .";"     2.0";"     8.1";"    16.5"
"5902";"GM0824";"2020JJ00";"     1.4";"     7.1";"     0.8";"     9.1";"     2.2";"    21.0";"     0.8";"    17.5";"     0.7";"    19.5";"     0.7";"    42.8";"       .";"       .";"       .";"       .";"     2.3";"     2.3";"     8.5"
"5918";"GM1895";"2020JJ00";"     1.9";"     3.4";"     1.2";"     5.4";"     4.5";"     3.9";"     1.7";"    12.0";"     1.0";"    17.4";"     1.2";"    16.0";"       .";"       .";"       .";"       .";"     1.6";"     3.2";"    36.2"
"5934";"GM0269";"2020JJ00";"     1.5";"     2.8";"     1.4";"     5.3";"     3.0";"    14.5";"     1.2";"     5.0";"     1.2";"     9.5";"     1.5";"     6.5";"       .";"       .";"       .";"       .";"     1.4";"     3.6";"    11.9"
"5950";"GM0173";"2020JJ00";"     0.9";"     8.2";"     0.8";"     9.2";"     1.7";"    13.5";"     1.0";"    22.0";"     0.9";"    23.9";"     0.8";"    31.2";"       .";"       .";"       .";"       .";"     0.9";"     2.2";"    11.4"
"5966";"GM1773";"2020JJ00";"     1.7";"     1.5";"     1.9";"     1.9";"     4.8";"    13.3";"     2.2";"     1.0";"     4.1";"     1.9";"     1.1";"    10.0";"       .";"       .";"       .";"       .";"     1.1";"     2.3";"    12.9"
"5982";"GM0175";"2020JJ00";"     2.3";"     2.4";"     1.7";"     3.3";"     2.8";"     9.8";"     2.0";"     2.6";"     2.0";"     6.3";"     1.5";"    14.1";"       .";"       .";"       .";"       .";"     1.7";"     3.9";"    24.5"
"5998";"GM0881";"2020JJ00";"";"";"";"";"";"";"";"";"";"";"";"";"";"";"";"";"";"";""
"6014";"GM1586";"2020JJ00";"     1.5";"     3.1";"     1.4";"     4.5";"     2.1";"    10.8";"     1.0";"    12.1";"     1.5";"     6.5";"     1.1";"    10.7";"       .";"       .";"       .";"       .";"     1.0";"     4.6";"    33.4"
"6030";"GM0826";"2020JJ00";"     1.0";"     8.9";"     0.8";"    12.3";"     2.3";"    17.1";"     1.2";"    21.1";"     0.8";"    40.6";"     0.8";"    47.4";"       .";"       .";"       .";"       .";"     1.9";"     9.0";"     9.5"
"6046";"GM0580";"2020JJ00";"";"";"";"";"";"";"";"";"";"";"";"";"";"";"";"";"";"";""
"6062";"GM0085";"2020JJ00";"     1.4";"     1.9";"     1.6";"     2.2";"     5.4";"     3.5";"     4.1";"     0.7";"     1.6";"     4.9";"     1.2";"     7.7";"       .";"       .";"       .";"       .";"     1.5";"    21.9";"    36.4"
"6078";"GM0431";"2020JJ00";"     1.0";"    13.2";"     0.8";"    17.3";"     0.9";"    36.6";"     0.8";"    28.9";"     0.7";"    50.3";"     0.7";"    52.8";"       .";"       .";"       .";"       .";"     1.4";"     5.8";"     8.1"
"6094";"GM0432";"2020JJ00";"     1.2";"     3.3";"     1.1";"     5.0";"     1.9";"    12.2";"     1.0";"     5.6";"     1.9";"     1.6";"     0.9";"     7.3";"       .";"       .";"       .";"       .";"     1.2";"     5.4";"    12.9"
"6110";"GM0086";"2020JJ00";"     1.4";"     1.8";"     1.7";"     2.9";"     5.7";"     5.4";"     1.6";"     2.9";"     2.2";"     3.3";"     1.6";"     4.9";"       .";"       .";"       .";"       .";"     1.9";"    16.7";"    33.2"
"6126";"GM0828";"2020JJ00";"     1.2";"     9.0";"     1.0";"    16.3";"     3.6";"    13.3";"     1.1";"    23.7";"     0.8";"    35.9";"     0.8";"    51.5";"       .";"       .";"       .";"       .";"     2.1";"     2.8";"    20.2"
"6142";"GM0584";"2020JJ00";"";"";"";"";"";"";"";"";"";"";"";"";"";"";"";"";"";"";""
"6158";"GM1509";"2020JJ00";"     1.3";"     4.8";"     1.3";"     5.7";"     2.7";"    10.3";"     0.9";"    10.3";"     1.0";"    13.8";"     1.0";"    10.8";"       .";"       .";"       .";"       .";"     1.2";"     4.3";"    34.3"
"6174";"GM0437";"2020JJ00";"     1.0";"    23.5";"     0.7";"    21.9";"     4.0";"    36.5";"     0.8";"    22.8";"     0.6";"    95.9";"     0.6";"   132.7";"       .";"       .";"       .";"       .";"     1.3";"     3.7";"     7.5"
"6190";"GM0644";"2020JJ00";"";"";"";"";"";"";"";"";"";"";"";"";"";"";"";"";"";"";""
"6206";"GM0589";"2020JJ00";"     1.2";"     1.2";"     1.1";"     2.1";"     1.4";"    13.3";"     0.9";"     9.2";"     1.1";"     4.2";"     1.1";"     6.9";"       .";"       .";"       .";"       .";"     1.3";"     9.6";"    13.4"
"6222";"GM1734";"2020JJ00";"     1.0";"     6.0";"     0.9";"     5.7";"     2.7";"    20.1";"     1.3";"     4.8";"     0.7";"    11.9";"     0.9";"    14.8";"       .";"       .";"       .";"       .";"     1.2";"     2.8";"    11.9"
"6238";"GM0590";"2020JJ00";"     0.9";"     7.3";"     0.8";"    10.3";"     2.0";"    22.0";"     1.7";"     6.4";"     0.8";"    21.2";"     1.0";"    27.0";"       .";"       .";"       .";"       .";"     1.6";"     4.0";"     6.9"
"6254";"GM1894";"2020JJ00";"     1.5";"     2.6";"     1.2";"     5.3";"     4.2";"     9.2";"     0.7";"    10.2";"     0.8";"    10.8";"     0.9";"    15.3";"       .";"       .";"       .";"       .";"     0.9";"     9.3";"    14.7"
"6270";"GM0765";"2020JJ00";"     1.2";"     3.0";"     1.2";"     3.5";"     2.6";"     4.6";"     2.0";"     5.5";"     0.9";"     9.5";"     1.1";"     7.8";"       .";"       .";"       .";"       .";"     1.3";"     6.1";"    36.3"
"6286";"GM1926";"2020JJ00";"     0.8";"    14.1";"     1.0";"    14.4";"     1.8";"    58.2";"     1.4";"    15.9";"     0.9";"    44.9";"     0.9";"    58.5";"       .";"       .";"       .";"       .";"     1.8";"     4.4";"     9.9"
"6302";"GM0439";"2020JJ00";"     0.8";"    16.7";"     0.9";"    19.0";"     3.0";"    23.6";"     1.3";"    25.5";"     0.7";"    50.9";"     1.1";"    58.0";"       .";"       .";"       .";"       .";"     1.7";"     1.9";"    17.7"
"6318";"GM0273";"2020JJ00";"     1.6";"     3.1";"     1.3";"     9.6";"     1.7";"    12.0";"     1.3";"     7.3";"     1.3";"    13.8";"     1.0";"    24.0";"       .";"       .";"       .";"       .";"     0.8";"     3.0";"    22.4"
"6334";"GM0177";"2020JJ00";"     1.5";"     2.2";"     1.6";"     3.7";"     3.9";"    12.1";"     2.3";"     2.0";"     1.4";"     6.4";"     1.0";"    12.9";"       .";"       .";"       .";"       .";"     1.3";"     3.2";"    17.2"
"6350";"GM0595";"2020JJ00";"";"";"";"";"";"";"";"";"";"";"";"";"";"";"";"";"";"";""
"6366";"GM1661";"2020JJ00";"";"";"";"";"";"";"";"";"";"";"";"";"";"";"";"";"";"";""
"6382";"GM0703";"2020JJ00";"     1.2";"     1.0";"     0.8";"     1.7";"    14.2";"     1.3";"     3.4";"     1.0";"     0.8";"     1.9";"     1.4";"     6.3";"       .";"       .";"       .";"       .";"     1.1";"     3.1";"    37.4"
"6398";"GM0274";"2020JJ00";"     1.0";"     5.1";"     1.0";"     9.2";"     2.0";"    19.2";"     2.4";"    15.8";"     0.7";"    30.5";"     0.5";"    46.0";"       .";"       .";"       .";"       .";"     1.2";"     3.8";"     8.2"
"6414";"GM0339";"2020JJ00";"     1.1";"     4.2";"     1.1";"     3.7";"     4.2";"    19.7";"     1.0";"     4.6";"     1.0";"    11.2";"     1.0";"    10.6";"       .";"       .";"       .";"       .";"     0.7";"     4.6";"    18.0"
"6430";"GM1667";"2020JJ00";"     1.4";"     4.9";"     2.1";"     3.8";"     2.3";"     5.6";"     0.8";"    12.6";"     0.7";"    15.3";"     0.8";"    14.9";"       .";"       .";"       .";"       .";"     1.2";"    23.4";"    23.4"
"6446";"GM0275";"2020JJ00";"     1.2";"     5.6";"     0.8";"    14.8";"     1.8";"    18.5";"     1.0";"    24.0";"     0.6";"    41.1";"     0.6";"    47.8";"       .";"       .";"       .";"       .";"     0.8";"     1.3";"    10.0"
"6462";"GM0340";"2020JJ00";"     1.2";"     3.0";"     0.9";"     4.9";"     2.5";"    17.5";"     1.0";"     5.7";"     0.7";"    14.6";"     0.9";"    16.6";"       .";"       .";"       .";"       .";"     0.6";"     2.7";"    24.6"
"6478";"GM0597";"2020JJ00";"     0.9";"    15.1";"     0.7";"    14.0";"     2.0";"    40.8";"     1.3";"     6.9";"     0.6";"    35.4";"     0.6";"    39.8";"       .";"       .";"       .";"       .";"     2.1";"     5.4";"    11.5"
"6494";"GM0196";"2020JJ00";"";"";"";"";"";"";"";"";"";"";"";"";"";"";"";"";"";"";""
"6510";"GM1672";"2020JJ00";"";"";"";"";"";"";"";"";"";"";"";"";"";"";"";"";"";"";""
"6526";"GM1742";"2020JJ00";"     1.3";"     4.0";"     0.9";"     7.5";"     1.5";"    10.8";"     1.0";"     8.5";"     1.0";"    11.3";"     0.8";"    23.6";"       .";"       .";"       .";"       .";"     1.2";"     1.6";"    14.9"
"6542";"GM0603";"2020JJ00";"     0.7";"    52.5";"     0.7";"    68.9";"     1.3";"    50.7";"     0.9";"   196.5";"     0.6";"   291.9";"     0.5";"   352.3";"       .";"       .";"       .";"       .";"     1.6";"     1.9";"     4.6"
"6558";"GM1669";"2020JJ00";"     0.9";"     3.9";"     0.8";"     6.0";"     7.5";"     4.7";"     0.6";"    16.9";"     0.6";"    17.1";"     1.0";"    11.8";"       .";"       .";"       .";"       .";"     1.5";"     7.7";"     8.1"
"6574";"GM0957";"2020JJ00";"     0.9";"     7.5";"     0.8";"    15.3";"     2.7";"     6.0";"     0.6";"    43.3";"     0.5";"    74.2";"     0.8";"    64.7";"       .";"       .";"       .";"       .";"     1.7";"     2.0";"     2.7"
"6590";"GM1670";"2020JJ00";"";"";"";"";"";"";"";"";"";"";"";"";"";"";"";"";"";"";""
"6606";"GM0736";"2020JJ00";"     1.1";"     5.8";"     1.0";"     6.6";"     2.5";"    26.6";"     2.2";"     4.6";"     0.9";"    15.0";"     0.8";"    23.9";"       .";"       .";"       .";"       .";"     1.5";"     9.1";"    17.2"
"6622";"GM1674";"2020JJ00";"     0.8";"    14.2";"     0.9";"    13.7";"     2.8";"     8.2";"     1.3";"    38.0";"     0.6";"    59.9";"     1.0";"    51.3";"       .";"       .";"       .";"       .";"     1.6";"     3.1";"     3.2"
"6638";"GM0599";"2020JJ00";"     0.6";"    44.9";"     0.5";"    65.3";"     1.5";"    44.4";"     0.7";"   210.6";"     0.4";"   335.7";"     0.4";"   339.4";"       .";"       .";"       .";"       .";"     2.0";"     3.3";"     6.0"
"6654";"GM0600";"2020JJ00";"";"";"";"";"";"";"";"";"";"";"";"";"";"";"";"";"";"";""
"6670";"GM0277";"2020JJ00";"     1.2";"     9.3";"     1.3";"    26.2";"     1.6";"    18.0";"     1.2";"    53.5";"     1.1";"    78.3";"     0.9";"    88.0";"       .";"       .";"       .";"       .";"     0.4";"     2.2";"     6.0"
"6686";"GM0840";"2020JJ00";"     1.3";"     4.8";"     0.8";"     7.9";"     6.0";"    10.9";"     0.6";"    10.7";"     0.9";"    16.7";"     0.9";"    18.8";"       .";"       .";"       .";"       .";"     1.9";"     6.5";"     9.6"
"6702";"GM0441";"2020JJ00";"     1.1";"     3.9";"     1.2";"     4.9";"     5.0";"     8.9";"     1.4";"     7.3";"     1.2";"    11.8";"     1.1";"    17.6";"       .";"       .";"       .";"       .";"     1.3";"     5.6";"    18.6"
"6718";"GM0039";"2020JJ00";"";"";"";"";"";"";"";"";"";"";"";"";"";"";"";"";"";"";""
"6734";"GM0458";"2020JJ00";"";"";"";"";"";"";"";"";"";"";"";"";"";"";"";"";"";"";""
"6750";"GM0279";"2020JJ00";"     0.9";"     4.2";"     0.8";"     4.0";"     0.9";"    23.3";"     0.8";"     3.6";"     0.5";"    10.1";"     0.6";"    10.8";"       .";"       .";"       .";"       .";"     0.8";"     8.3";"    14.3"
"6766";"GM0606";"2020JJ00";"     0.8";"    27.4";"     0.5";"    46.0";"     2.2";"    52.9";"     0.6";"   115.6";"     0.4";"   157.2";"     0.5";"   149.0";"       .";"       .";"       .";"       .";"     1.5";"     2.6";"     6.8"
"6782";"GM0088";"2020JJ00";"     0.4";"     1.0";"     0.5";"     1.0";"    33.3";"     0.0";"    23.9";"     0.0";"     0.3";"     5.0";"     0.4";"     8.0";"       .";"       .";"       .";"       .";"    15.5";"    39.0";"    57.0"
"6798";"GM0844";"2020JJ00";"";"";"";"";"";"";"";"";"";"";"";"";"";"";"";"";"";"";""
"6814";"GM0962";"2020JJ00";"";"";"";"";"";"";"";"";"";"";"";"";"";"";"";"";"";"";""
"6830";"GM0608";"2020JJ00";"";"";"";"";"";"";"";"";"";"";"";"";"";"";"";"";"";"";""
"6846";"GM1676";"2020JJ00";"     1.6";"     1.3";"     1.3";"     3.3";"     7.8";"     1.2";"     1.6";"     3.4";"     1.3";"     7.5";"     1.0";"    17.1";"       .";"       .";"       .";"       .";"     1.1";"    27.3";"    52.0"
"6862";"GM0964";"2020JJ00";"";"";"";"";"";"";"";"";"";"";"";"";"";"";"";"";"";"";""
"6878";"GM0965";"2020JJ00";"     0.9";"     3.1";"     0.8";"     6.9";"     8.1";"    10.6";"     0.6";"    15.2";"     0.7";"    14.6";"     0.5";"    23.0";"       .";"       .";"       .";"       .";"     1.5";"     8.0";"     9.5"
"6894";"GM1702";"2020JJ00";"     1.6";"     3.0";"     1.6";"     3.4";"     6.8";"    10.3";"     1.2";"     3.8";"     1.4";"     6.9";"     1.2";"     6.2";"       .";"       .";"       .";"       .";"     1.7";"     8.1";"    29.0"
"6910";"GM0845";"2020JJ00";"     1.4";"     3.8";"     1.2";"     5.4";"     1.9";"    17.7";"     0.7";"    10.3";"     0.7";"    13.5";"     0.9";"    13.9";"       .";"       .";"       .";"       .";"     1.7";"     6.1";"     8.6"
"6926";"GM0846";"2020JJ00";"";"";"";"";"";"";"";"";"";"";"";"";"";"";"";"";"";"";""
"6942";"GM1883";"2020JJ00";"     0.8";"    13.5";"     0.8";"    14.9";"     1.9";"    15.4";"     0.6";"    41.4";"     0.5";"    65.0";"     0.9";"    61.4";"       .";"       .";"       .";"       .";"     1.8";"     2.5";"     3.8"
"6958";"GM0051";"2020JJ00";"";"";"";"";"";"";"";"";"";"";"";"";"";"";"";"";"";"";""
"6974";"GM0610";"2020JJ00";"     0.9";"     6.2";"     0.7";"     8.8";"     1.7";"    12.7";"     0.9";"     7.6";"     0.6";"    20.3";"     0.7";"    17.6";"       .";"       .";"       .";"       .";"     1.7";"     1.7";"    10.7"
"6990";"GM0040";"2020JJ00";"";"";"";"";"";"";"";"";"";"";"";"";"";"";"";"";"";"";""
"7006";"GM1714";"2020JJ00";"     2.3";"     0.8";"     1.6";"     2.3";"     6.6";"     2.2";"     1.5";"     2.3";"     1.2";"     6.2";"     0.8";"    16.5";"       .";"       .";"       .";"       .";"     1.4";"    48.9";"    94.4"
"7022";"GM0090";"2020JJ00";"     1.1";"    13.1";"     1.3";"    12.6";"     2.9";"     5.1";"     1.9";"    12.2";"     1.3";"    31.4";"     1.1";"    35.9";"       .";"       .";"       .";"       .";"     2.3";"    18.2";"    26.3"
"7038";"GM0091";"2020JJ00";"";"";"";"";"";"";"";"";"";"";"";"";"";"";"";"";"";"";""
"7054";"GM0342";"2020JJ00";"     0.8";"     9.7";"     0.7";"    11.9";"     2.1";"    32.0";"     1.0";"    11.8";"     0.6";"    28.2";"     0.5";"    45.6";"       .";"       .";"       .";"       .";"     1.6";"     2.1";"     7.5"
"7070";"GM0847";"2020JJ00";"     1.5";"     4.9";"     1.1";"     8.2";"     2.3";"    14.2";"     0.9";"    11.8";"     1.0";"    15.9";"     0.8";"    18.1";"       .";"       .";"       .";"       .";"     2.0";"    10.4";"    22.0"
"7086";"GM0848";"2020JJ00";"     1.3";"     3.8";"     0.8";"     6.6";"     1.8";"    26.1";"     1.7";"     3.8";"     0.8";"    15.7";"     1.2";"    20.8";"       .";"       .";"       .";"       .";"     2.5";"     8.5";"     9.6"
"7102";"GM0612";"2020JJ00";"";"";"";"";"";"";"";"";"";"";"";"";"";"";"";"";"";"";""
"7118";"GM0037";"2020JJ00";"     1.6";"     3.1";"     1.2";"     6.2";"     4.2";"     6.0";"     2.0";"     5.3";"     0.9";"    16.5";"     1.2";"    14.5";"       .";"       .";"       .";"       .";"     1.3";"    17.1";"    41.7"
"7134";"GM0180";"2020JJ00";"     1.9";"     1.7";"     2.2";"     3.6";"     2.8";"    10.6";"     2.0";"     3.0";"     1.4";"     4.7";"     1.5";"     7.2";"       .";"       .";"       .";"       .";"     1.9";"     8.0";"    19.6"
"7150";"GM0532";"2020JJ00";"     1.0";"     8.0";"     0.7";"    11.0";"     1.5";"     6.0";"     1.2";"    11.5";"     0.7";"    19.8";"     0.9";"    25.6";"       .";"       .";"       .";"       .";"     1.0";"     1.4";"    15.2"
"7166";"GM0851";"2020JJ00";"     1.0";"     1.9";"     1.0";"     3.5";"     3.9";"     5.6";"     0.9";"     7.3";"     0.9";"     7.7";"     0.9";"     9.3";"       .";"       .";"       .";"       .";"     2.6";"    12.9";"    15.5"
"7182";"GM1708";"2020JJ00";"     1.9";"     2.1";"     1.5";"     4.5";"     5.5";"     3.6";"     2.5";"     6.6";"     1.5";"    12.2";"     1.1";"    14.2";"       .";"       .";"       .";"       .";"     1.3";"     7.4";"    35.8"
"7198";"GM0971";"2020JJ00";"     0.8";"     8.8";"     0.9";"    10.2";"     2.0";"    17.4";"     0.5";"    29.6";"     0.5";"    33.0";"     1.2";"    27.1";"       .";"       .";"       .";"       .";"     1.3";"     3.4";"     9.2"
"7214";"GM1904";"2020JJ00";"     1.1";"     8.8";"     1.0";"     9.5";"     2.4";"    28.0";"     2.0";"     7.6";"     1.1";"    23.5";"     1.0";"    38.4";"       .";"       .";"       .";"       .";"     1.7";"     3.2";"    10.8"
"7230";"GM0617";"2020JJ00";"";"";"";"";"";"";"";"";"";"";"";"";"";"";"";"";"";"";""
"7246";"GM1900";"2020JJ00";"     1.9";"     3.7";"     1.4";"     6.6";"     5.2";"     3.9";"     1.8";"    10.5";"     1.6";"    13.4";"     1.4";"    20.8";"       .";"       .";"       .";"       .";"     2.1";"     5.1";"    28.6"
"7262";"GM0975";"2020JJ00";"";"";"";"";"";"";"";"";"";"";"";"";"";"";"";"";"";"";""
"7278";"GM0715";"2020JJ00";"     1.4";"     2.5";"     1.1";"     4.8";"     6.8";"     2.8";"     1.5";"    10.7";"     1.0";"    11.3";"     1.3";"    18.4";"       .";"       .";"       .";"       .";"     2.0";"    33.1";"    78.6"
"7294";"GM0093";"2020JJ00";"     1.4";"     1.1";"     0.8";"     2.0";"     4.0";"     1.0";"     0.9";"     7.6";"     0.6";"     8.0";"     0.4";"    18.7";"       .";"       .";"       .";"       .";"    37.6";"    36.2";"    63.6"
"7310";"GM0448";"2020JJ00";"     2.8";"     2.0";"     1.0";"     4.5";"     3.8";"     1.9";"     2.1";"     3.5";"     1.0";"     6.8";"     0.8";"    19.1";"       .";"       .";"       .";"       .";"     3.4";"    15.9";"    55.7"
"7326";"GM1525";"2020JJ00";"     0.6";"    11.7";"     0.7";"    10.8";"     1.3";"    23.3";"     1.0";"     7.3";"     0.6";"    29.7";"     0.5";"    41.8";"       .";"       .";"       .";"       .";"     1.0";"     1.8";"     8.2"
"7342";"GM0716";"2020JJ00";"     0.9";"     1.6";"     1.1";"     2.1";"    11.9";"     2.8";"     0.8";"     2.6";"     0.9";"     4.0";"     1.6";"     3.7";"       .";"       .";"       .";"       .";"     1.0";"    16.2";"    27.1"
"7358";"GM0977";"2020JJ00";"";"";"";"";"";"";"";"";"";"";"";"";"";"";"";"";"";"";""
"7374";"GM0281";"2020JJ00";"     1.7";"     5.1";"     0.9";"    10.1";"     2.5";"     8.0";"     1.8";"    24.2";"     0.9";"    36.6";"     0.9";"    38.5";"       .";"       .";"       .";"       .";"     1.9";"     1.7";"    33.4"
"7390";"GM0855";"2020JJ00";"     0.7";"    24.7";"     0.7";"    32.7";"     1.6";"    18.1";"     0.9";"    77.2";"     0.6";"   138.5";"     0.6";"   101.5";"       .";"       .";"       .";"       .";"     2.9";"     2.5";"     3.9"
"7406";"GM0183";"2020JJ00";"     2.0";"     2.6";"     1.7";"     3.5";"     3.9";"     9.9";"     1.6";"     3.3";"     2.4";"     4.5";"     1.0";"    12.4";"       .";"       .";"       .";"       .";"     1.2";"    10.6";"    11.0"
"7422";"GM1700";"2020JJ00";"     1.0";"     4.1";"     1.0";"     4.8";"     2.7";"    10.1";"     1.0";"     4.5";"     0.8";"     7.3";"     1.0";"     7.3";"       .";"       .";"       .";"       .";"     1.2";"     2.9";"    12.2"
"7438";"GM1730";"2020JJ00";"     1.4";"     4.7";"     1.4";"     4.3";"     3.1";"    12.7";"     1.4";"     4.7";"     1.4";"     6.9";"     1.0";"    16.7";"       .";"       .";"       .";"       .";"     2.4";"     8.8";"    14.0"
"7454";"GM0737";"2020JJ00";"     1.6";"     2.0";"     1.4";"     4.1";"     5.2";"     7.4";"     1.6";"     4.3";"     2.6";"     3.9";"     1.4";"     5.9";"       .";"       .";"       .";"       .";"     1.7";"     5.2";"    14.9"
"7470";"GM0282";"2020JJ00";"";"";"";"";"";"";"";"";"";"";"";"";"";"";"";"";"";"";""
"7486";"GM0856";"2020JJ00";"     1.2";"     4.9";"     0.8";"    12.7";"     1.8";"    13.8";"     1.0";"    21.8";"     0.6";"    36.8";"     0.9";"    39.8";"       .";"       .";"       .";"       .";"     1.4";"    15.5";"    27.0"
"7502";"GM0450";"2020JJ00";"     0.9";"     9.8";"     0.7";"    10.6";"     1.4";"    22.3";"     1.1";"    10.7";"     1.1";"    19.6";"     1.0";"    29.9";"       .";"       .";"       .";"       .";"     1.2";"     2.1";"    14.4"
"7518";"GM0451";"2020JJ00";"     1.5";"     5.4";"     0.8";"     8.1";"     2.1";"    34.9";"     1.2";"     9.9";"     0.7";"    19.3";"     0.7";"    38.4";"       .";"       .";"       .";"       .";"     1.6";"    11.5";"    12.3"
"7534";"GM0184";"2020JJ00";"     0.7";"     4.0";"     0.7";"     6.3";"     1.4";"     2.0";"     1.5";"     7.0";"     0.6";"    10.3";"     1.5";"    12.3";"       .";"       .";"       .";"       .";"     1.0";"    23.4";"    42.5"
"7550";"GM0344";"2020JJ00";"     0.6";"    31.3";"     0.6";"    51.7";"     1.6";"    29.6";"     0.9";"    85.0";"     0.5";"   230.4";"     0.5";"   337.1";"       .";"       .";"       .";"       .";"     2.0";"     1.7";"     3.9"
"7566";"GM1581";"2020JJ00";"     1.1";"     6.2";"     1.1";"     6.1";"     1.8";"    24.2";"     1.6";"     4.2";"     0.9";"    15.7";"     0.7";"    26.6";"       .";"       .";"       .";"       .";"     1.1";"     4.4";"    15.7"
"7582";"GM0981";"2020JJ00";"     1.4";"     2.1";"     1.3";"     3.8";"     1.7";"     8.3";"     0.6";"    11.5";"     1.0";"     6.2";"     0.4";"    29.1";"       .";"       .";"       .";"       .";"     0.6";"    14.5";"    17.1"
"7598";"GM0994";"2020JJ00";"     1.0";"     8.0";"     1.2";"     6.6";"     2.2";"    19.9";"     0.5";"    36.9";"     1.0";"    26.4";"     0.7";"    82.5";"       .";"       .";"       .";"       .";"     0.8";"     1.5";"     9.3"
"7614";"GM0858";"2020JJ00";"     0.9";"     8.3";"     1.0";"     9.5";"     1.8";"    20.0";"     0.7";"    23.2";"     0.6";"    31.1";"     0.8";"    36.9";"       .";"       .";"       .";"       .";"     1.1";"    11.1";"    12.0"
"7630";"GM0047";"2020JJ00";"     1.2";"     6.1";"     1.2";"     7.3";"     2.4";"     7.8";"     1.1";"    12.3";"     0.9";"    21.2";"     1.0";"    20.3";"       .";"       .";"       .";"       .";"     1.9";"     2.8";"    27.7"
"7646";"GM0345";"2020JJ00";"     1.0";"    13.3";"     0.7";"    14.3";"     1.6";"    17.4";"     1.2";"    15.9";"     0.7";"    55.6";"     0.9";"    51.2";"       .";"       .";"       .";"       .";"     1.6";"     1.5";"    23.8"
"7662";"GM0717";"2020JJ00";"     1.4";"     3.5";"     1.2";"     5.0";"     9.2";"     2.0";"     2.1";"     5.3";"     0.9";"    14.9";"     1.1";"    23.9";"       .";"       .";"       .";"       .";"     1.4";"     9.7";"    79.9"
"7678";"GM0860";"2020JJ00";"";"";"";"";"";"";"";"";"";"";"";"";"";"";"";"";"";"";""
"7694";"GM0861";"2020JJ00";"     0.8";"    12.0";"     0.8";"    19.3";"     2.1";"    22.5";"     1.2";"    26.5";"     0.7";"    55.7";"     0.8";"    50.6";"       .";"       .";"       .";"       .";"     2.7";"     6.6";"     7.9"
"7710";"GM0453";"2020JJ00";"     0.6";"    14.1";"     0.6";"    14.8";"     1.5";"    22.9";"     1.2";"    21.0";"     0.5";"    49.2";"     0.5";"    62.0";"       .";"       .";"       .";"       .";"     1.5";"     3.4";"     8.5"
"7726";"GM0983";"2020JJ00";"     0.9";"     8.3";"     0.7";"    21.3";"     2.2";"     7.0";"     0.7";"    53.1";"     0.5";"    78.9";"     0.8";"    75.3";"       .";"       .";"       .";"       .";"     1.4";"     2.4";"     3.5"
"7742";"GM0984";"2020JJ00";"     1.6";"     3.5";"     1.3";"     8.3";"     2.9";"     5.0";"     1.0";"    15.7";"     1.0";"    27.1";"     1.3";"    19.0";"       .";"       .";"       .";"       .";"     1.5";"     3.8";"    24.6"
"7758";"GM0620";"2020JJ00";"";"";"";"";"";"";"";"";"";"";"";"";"";"";"";"";"";"";""
"7774";"GM1961";"2020JJ00";"     1.2";"     5.1";"     1.1";"     5.6";"     3.5";"    12.5";"     1.4";"     6.6";"     1.2";"    14.3";"     1.0";"    15.0";"       .";"       .";"       .";"       .";"     2.0";"     7.0";"    21.8"
"7790";"GM0622";"2020JJ00";"     0.7";"    16.2";"     0.7";"    29.1";"     1.5";"    48.3";"     0.7";"    49.5";"     0.6";"    74.4";"     0.7";"    81.3";"       .";"       .";"       .";"       .";"     1.5";"     6.0";"    10.2"
"7806";"GM0048";"2020JJ00";"";"";"";"";"";"";"";"";"";"";"";"";"";"";"";"";"";"";""
"7822";"GM0096";"2020JJ00";"     0.6";"     1.0";"     0.5";"     3.0";"    19.1";"     1.0";"     0.6";"     1.0";"     0.4";"     5.0";"     0.3";"     9.9";"       .";"       .";"       .";"       .";"    35.4";"    34.0";"    61.4"
"7838";"GM0718";"2020JJ00";"     0.7";"    10.9";"     0.8";"    15.0";"     2.6";"     2.0";"     0.8";"    27.9";"     0.8";"    61.1";"     0.9";"    59.5";"       .";"       .";"       .";"       .";"     1.2";"     3.0";"    74.9"
"7854";"GM0623";"2020JJ00";"";"";"";"";"";"";"";"";"";"";"";"";"";"";"";"";"";"";""
"7870";"GM0986";"2020JJ00";"     1.0";"     8.0";"     1.5";"     8.3";"     4.1";"    19.6";"     0.6";"    35.8";"     0.5";"    45.3";"     0.7";"    53.9";"       .";"       .";"       .";"       .";"     1.3";"     1.7";"     5.8"
"7886";"GM0626";"2020JJ00";"     0.7";"    24.2";"     0.8";"    20.6";"     1.3";"    44.1";"     0.8";"    35.6";"     0.6";"    63.9";"     0.6";"   108.4";"       .";"       .";"       .";"       .";"     1.3";"     1.5";"     5.5"
"7902";"GM0285";"2020JJ00";"     1.5";"     2.6";"     1.5";"     4.7";"     3.3";"    12.3";"     2.3";"     4.2";"     1.3";"    13.5";"     1.2";"    19.0";"       .";"       .";"       .";"       .";"     1.0";"     2.5";"     6.7"
"7918";"GM0865";"2020JJ00";"     1.0";"     6.8";"     0.9";"    10.8";"     2.0";"    21.9";"     0.8";"    31.2";"     0.7";"    54.0";"     0.6";"    87.5";"       .";"       .";"       .";"       .";"     1.1";"     1.8";"     5.2"
"7934";"GM1949";"2020JJ00";"     1.6";"     2.1";"     1.6";"     3.3";"     4.4";"     6.1";"     2.7";"     3.9";"     2.3";"     5.5";"     2.2";"     5.1";"       .";"       .";"       .";"       .";"     1.4";"     6.4";"    16.4"
"7950";"GM0866";"2020JJ00";"     0.8";"    13.6";"     0.9";"    18.8";"     5.0";"    23.0";"     1.8";"    44.2";"     0.6";"    62.2";"     0.7";"    75.6";"       .";"       .";"       .";"       .";"     1.4";"     7.1";"     7.1"
"7966";"GM0867";"2020JJ00";"     1.0";"     9.3";"     0.9";"    13.3";"     2.5";"    19.4";"     0.8";"    23.5";"     0.8";"    36.2";"     0.6";"    45.7";"       .";"       .";"       .";"       .";"     1.5";"    15.2";"    15.9"
"7982";"GM0627";"2020JJ00";"     0.7";"     7.9";"     0.8";"    13.8";"     1.8";"    25.9";"     1.1";"     6.5";"     0.6";"    24.0";"     0.6";"    28.8";"       .";"       .";"       .";"       .";"     0.9";"     1.1";"     7.1"
"7998";"GM0289";"2020JJ00";"     0.9";"    11.3";"     0.7";"    11.8";"     1.6";"    16.8";"     0.9";"    16.7";"     0.6";"    46.8";"     0.8";"    51.0";"       .";"       .";"       .";"       .";"     1.1";"     6.7";"    17.6"
"8014";"GM0629";"2020JJ00";"     1.1";"     5.9";"     1.2";"     9.7";"     1.9";"    41.9";"     1.4";"     6.5";"     1.0";"    31.3";"     0.8";"    47.9";"       .";"       .";"       .";"       .";"     1.0";"     3.8";"     6.9"
"8030";"GM0852";"2020JJ00";"     1.0";"     2.2";"     2.0";"     1.9";"     7.9";"    22.9";"     2.7";"     2.5";"     1.9";"     9.3";"     0.8";"    13.0";"       .";"       .";"       .";"       .";"     0.8";"    11.1";"    15.1"
"8046";"GM0988";"2020JJ00";"     0.9";"    11.6";"     0.9";"    11.9";"     2.8";"     6.2";"     0.6";"    37.1";"     0.7";"    41.4";"     1.0";"    39.5";"       .";"       .";"       .";"       .";"     1.4";"     2.6";"    22.8"
"8062";"GM0457";"2020JJ00";"     0.7";"     8.0";"     0.8";"     5.0";"     1.1";"    37.8";"     0.8";"     8.7";"     0.6";"    14.8";"     0.6";"    40.9";"       .";"       .";"       .";"       .";"     1.2";"     1.4";"    15.4"
"8078";"GM0870";"2020JJ00";"";"";"";"";"";"";"";"";"";"";"";"";"";"";"";"";"";"";""
"8094";"GM0459";"2020JJ00";"";"";"";"";"";"";"";"";"";"";"";"";"";"";"";"";"";"";""
"8110";"GM1960";"2020JJ00";"     1.4";"     3.7";"     1.3";"     4.4";"     4.9";"     6.8";"     2.1";"     4.3";"     1.3";"    10.2";"     2.2";"     9.5";"       .";"       .";"       .";"       .";"     1.4";"     4.7";"    26.1"
"8126";"GM0668";"2020JJ00";"     1.4";"     2.6";"     1.9";"     3.2";"     4.4";"     8.2";"     1.1";"     4.9";"     0.9";"     8.0";"     0.7";"     8.1";"       .";"       .";"       .";"       .";"     1.8";"    12.2";"    25.5"
"8142";"GM0558";"2020JJ00";"";"";"";"";"";"";"";"";"";"";"";"";"";"";"";"";"";"";""
"8158";"GM1969";"2020JJ00";"     1.7";"     2.9";"     1.4";"     4.4";"     4.2";"     9.7";"     2.1";"     3.0";"     1.8";"     5.5";"     1.6";"     8.6";"       .";"       .";"       .";"       .";"     1.1";"     9.3";"    18.5"
"8174";"GM1701";"2020JJ00";"     2.2";"     1.4";"     2.4";"     1.6";"     7.1";"     3.8";"     6.5";"     0.6";"     1.9";"     3.7";"     1.2";"     8.7";"       .";"       .";"       .";"       .";"     1.1";"    11.8";"    42.9"
"8190";"GM0293";"2020JJ00";"     0.8";"     7.3";"     0.6";"    15.8";"     1.5";"    18.3";"     0.8";"    15.7";"     0.6";"    28.6";"     0.8";"    30.8";"       .";"       .";"       .";"       .";"     2.7";"     1.5";"     7.5"
"8206";"GM1950";"2020JJ00";"     1.9";"     1.7";"     2.1";"     2.5";"     7.3";"     4.1";"     2.5";"     2.3";"     1.9";"     3.5";"     1.3";"     6.4";"       .";"       .";"       .";"       .";"     1.3";"    14.6";"    50.9"
"8222";"GM1783";"2020JJ00";"     0.8";"    11.8";"     0.9";"    17.8";"     1.5";"    34.5";"     1.0";"    13.5";"     0.7";"    46.1";"     0.7";"    43.2";"       .";"       .";"       .";"       .";"     0.9";"    10.2";"    12.5"
"8238";"GM0098";"2020JJ00";"     1.9";"     2.7";"     2.2";"     3.4";"     5.0";"     4.0";"     2.7";"     5.3";"     1.6";"     5.9";"     1.5";"     8.0";"       .";"       .";"       .";"       .";"     1.7";"     5.4";"    44.4"
"8254";"GM0614";"2020JJ00";"     1.1";"     2.4";"     1.1";"     2.4";"     1.1";"     6.7";"     3.3";"     2.6";"     1.0";"     8.5";"     0.9";"    14.8";"       .";"       .";"       .";"       .";"     1.5";"    28.8";"    32.9"
"8270";"GM0189";"2020JJ00";"     1.3";"     5.3";"     1.1";"     6.9";"     2.7";"    12.5";"     1.2";"     7.9";"     1.2";"    10.9";"     1.0";"    16.1";"       .";"       .";"       .";"       .";"     1.3";"     2.6";"     7.9"
"8286";"GM0462";"2020JJ00";"";"";"";"";"";"";"";"";"";"";"";"";"";"";"";"";"";"";""
"8302";"GM0463";"2020JJ00";"";"";"";"";"";"";"";"";"";"";"";"";"";"";"";"";"";"";""
"8318";"GM0296";"2020JJ00";"     1.3";"     8.6";"     1.2";"     8.3";"     2.4";"    13.8";"     1.7";"     6.1";"     1.0";"    23.2";"     1.3";"    25.1";"       .";"       .";"       .";"       .";"     1.5";"     2.4";"    11.3"
"8334";"GM1696";"2020JJ00";"     1.3";"     8.6";"     1.5";"     7.0";"     2.8";"    24.7";"     1.8";"    14.0";"     0.9";"    27.3";"     0.6";"    49.5";"       .";"       .";"       .";"       .";"     2.1";"     6.1";"     7.5"
"8350";"GM0352";"2020JJ00";"     0.6";"     6.3";"     0.8";"     5.8";"     2.0";"    16.9";"     1.4";"     7.1";"     0.8";"     9.1";"     0.8";"    18.6";"       .";"       .";"       .";"       .";"     1.6";"    10.6";"    21.3"
"8366";"GM0052";"2020JJ00";"";"";"";"";"";"";"";"";"";"";"";"";"";"";"";"";"";"";""
"8382";"GM0053";"2020JJ00";"";"";"";"";"";"";"";"";"";"";"";"";"";"";"";"";"";"";""
"8398";"GM0294";"2020JJ00";"     1.6";"     5.3";"     1.2";"    10.0";"     2.0";"     5.3";"     1.3";"     7.4";"     1.1";"    22.1";"     1.0";"    26.4";"       .";"       .";"       .";"       .";"     1.2";"     2.2";"    38.4"
"8414";"GM0873";"2020JJ00";"     1.0";"     3.6";"     0.8";"     5.1";"     3.5";"     3.8";"     0.7";"     5.9";"     0.8";"     8.3";"     0.6";"    14.5";"       .";"       .";"       .";"       .";"     1.4";"    11.2";"    19.8"
"8430";"GM0632";"2020JJ00";"     1.1";"     5.8";"     0.9";"     8.2";"     2.9";"    22.9";"     1.4";"     6.3";"     1.2";"    22.1";"     0.8";"    36.5";"       .";"       .";"       .";"       .";"     1.5";"     2.9";"    16.9"
"8446";"GM0466";"2020JJ00";"";"";"";"";"";"";"";"";"";"";"";"";"";"";"";"";"";"";""
"8462";"GM1690";"2020JJ00";"     2.0";"     1.2";"     1.7";"     2.0";"     8.3";"     6.1";"     4.4";"     0.8";"     2.0";"     3.3";"     1.4";"     6.1";"       .";"       .";"       .";"       .";"     2.5";"     9.6";"    33.6"
"8478";"GM0880";"2020JJ00";"     1.1";"    11.2";"     1.3";"    11.3";"     1.4";"    29.1";"     1.1";"    14.2";"     1.0";"    33.7";"     0.8";"    41.1";"       .";"       .";"       .";"       .";"     1.8";"     2.5";"    15.1"
"8494";"GM0351";"2020JJ00";"     1.0";"     3.6";"     0.9";"     5.2";"     1.1";"    22.6";"     1.1";"     3.3";"     1.0";"     8.5";"     0.8";"    10.4";"       .";"       .";"       .";"       .";"     0.7";"     5.2";"    10.4"
"8510";"GM0874";"2020JJ00";"";"";"";"";"";"";"";"";"";"";"";"";"";"";"";"";"";"";""
"8526";"GM0710";"2020JJ00";"";"";"";"";"";"";"";"";"";"";"";"";"";"";"";"";"";"";""
"8542";"GM0683";"2020JJ00";"";"";"";"";"";"";"";"";"";"";"";"";"";"";"";"";"";"";""
"8558";"GM0479";"2020JJ00";"     0.8";"    15.9";"     0.6";"    20.9";"     2.4";"    37.8";"     1.3";"    25.9";"     0.6";"    56.4";"     0.6";"    53.7";"       .";"       .";"       .";"       .";"     1.6";"     2.1";"    11.1"
"8574";"GM0297";"2020JJ00";"     1.2";"     5.0";"     1.1";"     4.2";"     4.8";"    11.0";"     1.9";"     3.8";"     1.2";"    12.9";"     1.5";"    13.5";"       .";"       .";"       .";"       .";"     1.6";"     5.6";"    17.4"
"8590";"GM0473";"2020JJ00";"     0.7";"     5.0";"     0.7";"     5.1";"     1.4";"    17.1";"     1.0";"    11.8";"     0.5";"    27.3";"     0.5";"    70.0";"       .";"       .";"       .";"       .";"     1.9";"     1.0";"     9.4"
"8606";"GM0707";"2020JJ00";"";"";"";"";"";"";"";"";"";"";"";"";"";"";"";"";"";"";""
"8622";"GM0478";"2020JJ00";"";"";"";"";"";"";"";"";"";"";"";"";"";"";"";"";"";"";""
"8638";"GM0050";"2020JJ00";"     1.9";"     3.6";"     1.4";"     6.4";"     2.5";"     5.2";"     2.3";"     0.9";"     1.7";"     9.4";"     1.4";"    15.4";"       .";"       .";"       .";"       .";"     2.0";"    14.0";"    26.8"
"8654";"GM0355";"2020JJ00";"     0.9";"    11.8";"     0.8";"    15.7";"     2.2";"    35.2";"     1.5";"    12.5";"     0.7";"    40.3";"     0.8";"    62.9";"       .";"       .";"       .";"       .";"     1.9";"     3.7";"    10.7"
"8670";"GM0299";"2020JJ00";"     1.3";"     5.0";"     1.1";"     6.6";"     4.0";"    15.8";"     1.1";"    11.3";"     0.9";"    14.4";"     1.0";"    25.5";"       .";"       .";"       .";"       .";"     1.4";"     4.3";"    17.0"
"8686";"GM1666";"2020JJ00";"";"";"";"";"";"";"";"";"";"";"";"";"";"";"";"";"";"";""
"8702";"GM0476";"2020JJ00";"";"";"";"";"";"";"";"";"";"";"";"";"";"";"";"";"";"";""
"8718";"GM0637";"2020JJ00";"     1.0";"    15.1";"     0.9";"    18.8";"     2.0";"    53.8";"     1.6";"    15.3";"     0.8";"    59.6";"     0.7";"    87.0";"       .";"       .";"       .";"       .";"     2.1";"     3.3";"    13.8"
"8734";"GM0638";"2020JJ00";"     0.8";"    19.3";"     0.8";"    16.7";"     4.1";"    37.9";"     1.8";"    47.7";"     1.0";"    65.0";"     0.6";"   116.3";"       .";"       .";"       .";"       .";"     1.0";"     4.0";"     5.8"
"8750";"GM0056";"2020JJ00";"";"";"";"";"";"";"";"";"";"";"";"";"";"";"";"";"";"";""
"8766";"GM1892";"2020JJ00";"     0.9";"     9.3";"     0.9";"     9.5";"     3.2";"    37.0";"     1.1";"     7.0";"     1.2";"    18.2";"     0.7";"    26.9";"       .";"       .";"       .";"       .";"     1.7";"     3.5";"    10.3"
"8782";"GM0879";"2020JJ00";"     2.2";"     0.9";"     1.3";"     3.8";"     3.5";"     9.7";"     1.0";"    13.3";"     1.3";"     7.3";"     1.0";"    12.3";"       .";"       .";"       .";"       .";"     1.3";"    12.9";"    15.5"
"8798";"GM0301";"2020JJ00";"     0.8";"    10.4";"     0.7";"    14.0";"     1.6";"    15.7";"     1.5";"    19.2";"     0.7";"    37.7";"     1.1";"    48.9";"       .";"       .";"       .";"       .";"     0.9";"     2.6";"     2.6"
"8814";"GM1896";"2020JJ00";"     1.0";"     2.9";"     1.1";"     3.3";"     3.7";"    11.8";"     1.1";"     3.4";"     1.0";"     6.9";"     1.0";"     8.1";"       .";"       .";"       .";"       .";"     1.0";"    11.4";"    15.3"
"8830";"GM0642";"2020JJ00";"     0.7";"    16.8";"     0.6";"    22.4";"     2.5";"    31.2";"     1.4";"    21.1";"     0.5";"    67.9";"     0.7";"    69.3";"       .";"       .";"       .";"       .";"     1.7";"     2.0";"     5.4"
"8846";"GM0193";"2020JJ00";"     0.9";"    14.6";"     0.8";"    23.9";"     1.5";"    16.4";"     2.1";"    34.2";"     0.9";"    61.6";"     0.9";"   105.6";"       .";"       .";"       .";"       .";"     1.9";"     2.7";"     3.5"
